n,edit_distance,broken,reference
1,0,"num_spiders = int(input())
num_cats = int(input())
if num_spiders > 10:
    if num_cats > num_spiders:
        print(""猫会吃掉蜘蛛"")
    else:
        print(""猫吃不完蜘蛛"")
else:
print('蜘蛛很少')","num_spiders = int(input())
num_cats = int(input())
if num_spiders > 10:
    if num_cats > num_spiders:
        print(""猫会吃掉蜘蛛"")
    else:
        print(""猫吃不完蜘蛛"")
else:
    print('蜘蛛很少')"
2,0,"# 在这里补全代码
 num_students=100
print(num_students)","num_students = 100

print(num_students)"
3,0,"user_age = int(input())
    if user_age == 18:
        num_candles = 18
    else:
        num_candles = 3
    print(num_candles)","user_age = int(input())
if user_age == 18:  
    num_candles = 18
else:
    num_candles = 3
print(num_candles)"
4,0,"num_students=int(input())
if num_students<50:
    print('没到齐')
    else:
        print('到齐了')","num_students = int(input())  

if num_students < 50:
    print('没到齐')
else:
    print('到齐了')"
5,0,"param = input()
    print(param[4])","param = input()

print(param[4])"
6,0,"for i in range(0, 10):
    print(i)
    # 在这里补全代码
    if(i==5):
    break","for i in range(0, 10):
    print(i)
    if (i == 5):
        break"
7,0,"num_spiders = int(input())
num_cats = int(input())
if num_spiders > 10:
if num_cats > num_spiders:
    print(""猫会吃掉蜘蛛"")
else:
    print(""猫吃不完蜘蛛"")
else:
    print('蜘蛛很少')","num_spiders = int(input())
num_cats = int(input())
if num_spiders > 10:
    if num_cats > num_spiders:
        print(""猫会吃掉蜘蛛"")
    else:
        print(""猫吃不完蜘蛛"")
else:
    print('蜘蛛很少')"
8,0,"num_spiders = int(input())
num_cats = int(input())
#在这里补全代码
if num_spiders > 10:
    if num_cats > num_spiders:
        print(""猫会吃掉蜘蛛"")
    else:
        print(""猫吃不完蜘蛛"")
else:
print('蜘蛛很少')","num_spiders = int(input())
num_cats = int(input())
if num_spiders > 10:
    if num_cats > num_spiders:
        print(""猫会吃掉蜘蛛"")
    else:
        print(""猫吃不完蜘蛛"")
else:
    print('蜘蛛很少')"
9,0,"param = int(input())

def convert_num(input_num):
    if (input_num >= 10):
        input_num = input_num - 10
         print(input_num)

convert_num(param)","param = int(input())

def convert_num(input_num):
    if (input_num >= 10):
        input_num = input_num - 10
    print(input_num)

convert_num(param)"
10,0,"num_spiders = int(input())
num_cats = int(input())
if num_spiders > 10:
    if num_cats > num_spiders:
    print(""猫会吃掉蜘蛛"")
    else:
    print(""猫吃不完蜘蛛"")
else:
print('蜘蛛很少')","num_spiders = int(input())
num_cats = int(input())
if num_spiders > 10:
    if num_cats > num_spiders:
        print(""猫会吃掉蜘蛛"")
    else:
        print(""猫吃不完蜘蛛"")
else:
    print('蜘蛛很少')"
11,0,"user_age = int(input())
if user_age == 18:
    num_candles = 18
    else:
        num_candles = 3
        print(num_candles)","user_age = int(input())
if user_age == 18:  
    num_candles = 18
else:
    num_candles = 3
print(num_candles)"
12,0,"num_spiders = int(input())
num_cats = int(input())
#在这里补全代码
if num_spiders > 10:
    if num_cats > num_spiders:
        print(""猫会吃掉蜘蛛"")
else:
    print(""猫吃不完蜘蛛"")
else:
    print('蜘蛛很少')","num_spiders = int(input())
num_cats = int(input())
if num_spiders > 10:
    if num_cats > num_spiders:
        print(""猫会吃掉蜘蛛"")
    else:
        print(""猫吃不完蜘蛛"")
else:
    print('蜘蛛很少')"
13,0,"num_spiders = int(input())
num_cats = int(input())
#在这里补全代码
if num_spiders > 10:
    if num_cats > num_spiders:
    print(""猫会吃掉蜘蛛"")
else:
    print(""猫吃不完蜘蛛"")
else:
    print('蜘蛛很少')","num_spiders = int(input())
num_cats = int(input())
if num_spiders > 10:
    if num_cats > num_spiders:
        print(""猫会吃掉蜘蛛"")
    else:
        print(""猫吃不完蜘蛛"")
else:
    print('蜘蛛很少')"
14,0,"num_spiders = int(input())
num_cats = int(input())
if num_spiders > 10:
    if num_cats > num_spiders:
        print(""猫会吃掉蜘蛛"")
else:
    print(""猫吃不完蜘蛛"")
else:
print('蜘蛛很少')
#在这里补全代码","num_spiders = int(input())
num_cats = int(input())
if num_spiders > 10:
    if num_cats > num_spiders:
        print(""猫会吃掉蜘蛛"")
    else:
        print(""猫吃不完蜘蛛"")
else:
    print('蜘蛛很少')"
15,0,"num_spiders = int(input())
num_cats = int(input())
if num_spiders > 10:
    if num_cats > num_spiders:
        print(""猫会吃掉蜘蛛"")
else:
     print(""猫吃不完蜘蛛"")
else:
    print('蜘蛛很少')#在这里补全代码","num_spiders = int(input())
num_cats = int(input())
if num_spiders > 10:
    if num_cats > num_spiders:
        print(""猫会吃掉蜘蛛"")
    else:
        print(""猫吃不完蜘蛛"")
else:
    print('蜘蛛很少')"
16,0,"def welcome_to_circle_cat():
print(""Welcome to circle cat!"")
welcome_to_circle_cat()
welcome_to_circle_cat()
welcome_to_circle_cat()","def welcome_to_circle_cat():
    print(""Welcome to circle cat!"")

welcome_to_circle_cat()
welcome_to_circle_cat()
# 请不要更改此行以下的代码
welcome_to_circle_cat()"
17,0,"num_spiders = int(input())
num_cats = int(input())
if num_spiders > 10:
    if num_cats > num_spiders:
        print(""猫会吃掉蜘蛛"")
    else:
        print(""猫吃不完蜘蛛"")
else:
print('蜘蛛很少')#在这里补全代码","num_spiders = int(input())
num_cats = int(input())
if num_spiders > 10:
    if num_cats > num_spiders:
        print(""猫会吃掉蜘蛛"")
    else:
        print(""猫吃不完蜘蛛"")
else:
    print('蜘蛛很少')"
18,0,"num_spiders = int(input())
num_cats = int(input())
#在这里补全代码
if num_spiders > 10:
if num_cats > num_spiders:
    print(""猫会吃掉蜘蛛"")
else:
    print(""猫吃不完蜘蛛"")
else:
    print('蜘蛛很少')","num_spiders = int(input())
num_cats = int(input())
if num_spiders > 10:
    if num_cats > num_spiders:
        print(""猫会吃掉蜘蛛"")
    else:
        print(""猫吃不完蜘蛛"")
else:
    print('蜘蛛很少')"
19,0,"my_list = input().split(',')
new_list = []
# 请不要更改此行以上的代码
# 在这里编写代码
for i in range(0,len(my_list)):
new_list.append(my_list.pop())
# 请不要更改此行以下的代码
print("","".join(new_list))","my_list = input().split(',')
new_list = []
# 请不要更改此行以上的代码

for i in range(0, len(my_list)):
    new_list.append(my_list.pop())

# 请不要更改此行以下的代码
print("","".join(new_list))"
20,0,"num_spiders = int(input())
num_cats = int(input())
 if num_spiders > 10 :
  if num_cats > num_spiders:
   print(""猫会吃掉蜘蛛"")
  else:
   print(""猫吃不完蜘蛛"")
 else:
  print('蜘蛛很少')","num_spiders = int(input())
num_cats = int(input())
if num_spiders > 10:
    if num_cats > num_spiders:
        print(""猫会吃掉蜘蛛"")
    else:
        print(""猫吃不完蜘蛛"")
else:
    print('蜘蛛很少')"
21,0,"num_spiders = int(input())
num_cats = int(input())
if num_spiders > 10:
    if num_cats > num_spiders:
        print(""猫会吃掉蜘蛛"")
    else:
        print(""猫吃不完蜘蛛"")
else:
print('蜘蛛很少')
#在这里补全代码","num_spiders = int(input())
num_cats = int(input())
if num_spiders > 10:
    if num_cats > num_spiders:
        print(""猫会吃掉蜘蛛"")
    else:
        print(""猫吃不完蜘蛛"")
else:
    print('蜘蛛很少')"
22,0,"user_age=int(input())

 if user_age == 18:
    num_candles=18
 else:
     num_candles=3
print(num_candles)","user_age = int(input())
if user_age == 18:  
    num_candles = 18
else:
    num_candles = 3
print(num_candles)"
23,0,"# 在这里编写代码
def welcome_to_cirlcle_cat():
print(""Welcome to circle cat!"")

welcome_to_cirlcle_cat()

welcome_to_cirlcle_cat()
# 请不要更改此行以下的代码
welcome_to_cirlcle_cat()","def welcome_to_cirlcle_cat():
    print(""Welcome to circle cat!"")

welcome_to_cirlcle_cat()
welcome_to_cirlcle_cat()
# 请不要更改此行以下的代码
welcome_to_cirlcle_cat()"
24,0,"num_spiders = int(input())
num_cats = int(input())
#在这里补全代码
if num_spiders > 10:
    if num_cats > num_spiders:
        print(""猫会吃掉蜘蛛"")
        else:
        print(""猫吃不完蜘蛛"")
    else:
    print('蜘蛛很少')","num_spiders = int(input())
num_cats = int(input())
if num_spiders > 10:
    if num_cats > num_spiders:
        print(""猫会吃掉蜘蛛"")
    else:
        print(""猫吃不完蜘蛛"")
else:
    print('蜘蛛很少')"
25,0,"num_spiders = int(input())
num_cats = int(input())
#在这里补全代码
if num_spiders > 10:
    if num_cats > num_spiders:
        print(""猫会吃掉蜘蛛"")
    else:
        print(""猫吃不完蜘蛛"")
    else:
        print('蜘蛛很少')","num_spiders = int(input())
num_cats = int(input())
if num_spiders > 10:
    if num_cats > num_spiders:
        print(""猫会吃掉蜘蛛"")
    else:
        print(""猫吃不完蜘蛛"")
else:
    print('蜘蛛很少')"
26,0,"num_spiders = int(input())
num_cats = int(input())
#在这里补全代码

if num_spiders > 10:
    if num_cats > num_spiders:
        print(""猫会吃掉蜘蛛"")
    else:
        print(""猫吃不完蜘蛛"")
else:
print('蜘蛛很少')","num_spiders = int(input())
num_cats = int(input())
if num_spiders > 10:
    if num_cats > num_spiders:
        print(""猫会吃掉蜘蛛"")
    else:
        print(""猫吃不完蜘蛛"")
else:
    print('蜘蛛很少')"
27,0,"num_spiders = int(input())
num_cats = int(input())
if num_spiders > 10:
  if num_cats > num_spiders:
    print(""猫会吃掉蜘蛛"")
  else:
    print(""猫吃不完蜘蛛"")
else:
print('蜘蛛很少')","num_spiders = int(input())
num_cats = int(input())
if num_spiders > 10:
    if num_cats > num_spiders:
        print(""猫会吃掉蜘蛛"")
    else:
        print(""猫吃不完蜘蛛"")
else:
    print('蜘蛛很少')"
28,0,"def welcome_to_circle_cat():
print(""Welcome to circle cat!"")

welcome_to_circle_cat()
welcome_to_circle_cat()


welcome_to_circle_cat()","def welcome_to_circle_cat():
    print(""Welcome to circle cat!"")

welcome_to_circle_cat()
welcome_to_circle_cat()
# 请不要更改此行以下的代码
welcome_to_circle_cat()"
29,0,"param = input()

# 在此处补全代码

    print(param[4])","param = input()

print(param[4])"
30,0,"num_spiders = int(input())
num_cats = int(input())
#在这里补全代码
if num_spiders > 10:
    if num_cats > num_spiders:
    print(""猫会吃掉蜘蛛"")
    else:
    print(""猫吃不完蜘蛛"")
else:
print('蜘蛛很少')","num_spiders = int(input())
num_cats = int(input())
if num_spiders > 10:
    if num_cats > num_spiders:
        print(""猫会吃掉蜘蛛"")
    else:
        print(""猫吃不完蜘蛛"")
else:
    print('蜘蛛很少')"
31,0,"num_spiders = int(input())
num_cats = int(input())
#在这里补全代码
if num_spiders > 10:
 if num_cats > num_spiders:
    print(""猫会吃掉蜘蛛"")
else:
    print(""猫吃不完蜘蛛"")
else:
    print('蜘蛛很少')","num_spiders = int(input())
num_cats = int(input())
if num_spiders > 10:
    if num_cats > num_spiders:
        print(""猫会吃掉蜘蛛"")
    else:
        print(""猫吃不完蜘蛛"")
else:
    print('蜘蛛很少')"
32,0,"def welcome_to_circle_cat():
print(""Welcome to circle cat!"")

welcome_to_circle_cat()
welcome_to_circle_cat()

# 请不要更改此行以下的代码
welcome_to_circle_cat()","def welcome_to_circle_cat():
    print(""Welcome to circle cat!"")

welcome_to_circle_cat()
welcome_to_circle_cat()
# 请不要更改此行以下的代码
welcome_to_circle_cat()"
33,0,"def welcome_to_circle_cat():# 在这里编写代码
print(""Welcome to circle cat!"")
# 请不要更改此行以下的代码
welcome_to_circle_cat()
welcome_to_circle_cat()
welcome_to_circle_cat()","def welcome_to_circle_cat():
    print(""Welcome to circle cat!"")

welcome_to_circle_cat()
welcome_to_circle_cat()
# 请不要更改此行以下的代码
welcome_to_circle_cat()"
34,0,"temp_list = input().split(',')

def count_negative(my_list):
    count=0
    for i in my_list:
        if int(i)<0:
        count+=1
    return count
        
print(count_negative(temp_list))","temp_list = input().split(',')
# 请不要更改此行以上的代码

def count_negative(my_list):
    count = 0
    for i in my_list:
        if int(i) < 0:
            count += 1
    return count

# 请不要更改此行以下的代码
print(count_negative(temp_list))"
35,0,"num_spiders = int(input())
num_cats = int(input())
    if num_spiders > 10:
        if num_cats > num_spiders:
            print(""猫会吃掉蜘蛛"")
        else:
            print(""猫吃不完蜘蛛"")
    else:
        print('蜘蛛很少')","num_spiders = int(input())
num_cats = int(input())
if num_spiders > 10:
    if num_cats > num_spiders:
        print(""猫会吃掉蜘蛛"")
    else:
        print(""猫吃不完蜘蛛"")
else:
    print('蜘蛛很少')"
36,0,"num_spiders = int(input())
num_cats = int(input())
if num_spiders > 10:
    if num_cats > num_spiders:
    print(""猫会吃掉蜘蛛"")
else:
    print(""猫吃不完蜘蛛"")
else:
print('蜘蛛很少')
#在这里补全代码","num_spiders = int(input())
num_cats = int(input())
if num_spiders > 10:
    if num_cats > num_spiders:
        print(""猫会吃掉蜘蛛"")
    else:
        print(""猫吃不完蜘蛛"")
else:
    print('蜘蛛很少')"
37,0,"num_spiders = int(input())
num_cats = int(input())
#在这里补全代码
if num_spiders > 10:
if num_cats > num_spiders:    
    print(""猫会吃掉蜘蛛"")
else:
    print(""猫吃不完蜘蛛"")
else:
    print('蜘蛛很少')","num_spiders = int(input())
num_cats = int(input())
if num_spiders > 10:
    if num_cats > num_spiders:
        print(""猫会吃掉蜘蛛"")
    else:
        print(""猫吃不完蜘蛛"")
else:
    print('蜘蛛很少')"
38,0,"param = input()

    print(param[4])","param = input()

print(param[4])"
39,0,"def welcome_to_circle_cat():
print (""Welcome to circle cat!"")
welcome_to_circle_cat()
welcome_to_circle_cat()
# 请不要更改此行以下的代码
welcome_to_circle_cat()","def welcome_to_circle_cat():
    print(""Welcome to circle cat!"")

welcome_to_circle_cat()
welcome_to_circle_cat()
# 请不要更改此行以下的代码
welcome_to_circle_cat()"
40,0,"def welcome_to_circle_cat():
print(""Welcome to circle cat!"")
welcome_to_circle_cat()
welcome_to_circle_cat()
# 请不要更改此行以下的代码
welcome_to_circle_cat()","def welcome_to_circle_cat():
    print(""Welcome to circle cat!"")

welcome_to_circle_cat()
welcome_to_circle_cat()
# 请不要更改此行以下的代码
welcome_to_circle_cat()"
41,0,"num_spiders = int(input())
num_cats = int(input())
if num_spiders > 10:
    if num_cats > num_spiders:
        print(""猫会吃掉蜘蛛"")
else:
    print(""猫吃不完蜘蛛"")
else:
    print('蜘蛛很少')","num_spiders = int(input())
num_cats = int(input())
if num_spiders > 10:
    if num_cats > num_spiders:
        print(""猫会吃掉蜘蛛"")
    else:
        print(""猫吃不完蜘蛛"")
else:
    print('蜘蛛很少')"
42,0,"num_spiders = int(input())
num_cats = int(input())
if num_spiders > 10:
    if num_cats > num_spiders:
        print(""猫会吃掉蜘蛛"")
else:
     print(""猫吃不完蜘蛛"")
else:
     print('蜘蛛很少')#在这里补全代码","num_spiders = int(input())
num_cats = int(input())
if num_spiders > 10:
    if num_cats > num_spiders:
        print(""猫会吃掉蜘蛛"")
    else:
        print(""猫吃不完蜘蛛"")
else:
    print('蜘蛛很少')"
43,0,"my_list = input().split(',')
new_list = []
# 请不要更改此行以上的代码

for i in range(0,len(my_list)):
new_list.append(my_list.pop())

# 请不要更改此行以下的代码
print("","".join(new_list))","my_list = input().split(',')
new_list = []
# 请不要更改此行以上的代码

for i in range(0, len(my_list)):
    new_list.append(my_list.pop())

# 请不要更改此行以下的代码
print("","".join(new_list))"
44,0,"num_animals= int(input())
if num_animals >=30:
 forest_size=3
else:
forest_size=1
print(forest_size)","num_animals = int(input()) 

if num_animals >= 30:
    forest_size = 3
else:
    forest_size = 1

print(forest_size)"
45,0,"user_age=int(input())
    if user_age == 18:
        num_candles = 18
    else:
        num_candles = 3
print(num_candles)","user_age = int(input())
if user_age == 18:  
    num_candles = 18
else:
    num_candles = 3
print(num_candles)"
46,0,"param = int(input())

def get_age_status(age):
    if age < 18:
    return ""未成年人""
    elif age < 65:
    return ""工作中""
    else:
    return ""退休了""

print(get_age_status(param))","param = int(input())

def get_age_status(age):
    if age < 18:
        return ""未成年人""
    elif age < 65:
        return ""工作中""
    else:
        return ""退休了""

print(get_age_status(param))"
47,0,"num_spiders = int(input())
num_cats = int(input())
    if num_spiders > 10 :
        if num_cats > num_spiders:
            print(""猫会吃掉蜘蛛"")
        else:
            print(""猫吃不完蜘蛛"")
    else:
        print('蜘蛛很少')","num_spiders = int(input())
num_cats = int(input())
if num_spiders > 10:
    if num_cats > num_spiders:
        print(""猫会吃掉蜘蛛"")
    else:
        print(""猫吃不完蜘蛛"")
else:
    print('蜘蛛很少')"
48,0,"num_spiders = int(input())
num_cats = int(input())
if num_spiders > 10:
    if num_cats > num_spiders:
        print(""猫会吃掉蜘蛛"")
else:
    print(""猫吃不完蜘蛛"")
else:
    print('蜘蛛很少')#在这里补全代码","num_spiders = int(input())
num_cats = int(input())
if num_spiders > 10:
    if num_cats > num_spiders:
        print(""猫会吃掉蜘蛛"")
    else:
        print(""猫吃不完蜘蛛"")
else:
    print('蜘蛛很少')"
49,0,"num_spiders = int(input())
num_cats = int(input())
if num_spiders > 10:
    if num_cats > num_spiders:
    print(""猫会吃掉蜘蛛"")
    else:
    print(""猫吃不完蜘蛛"")
else:
    print('蜘蛛很少')
#在这里补全代码","num_spiders = int(input())
num_cats = int(input())
if num_spiders > 10:
    if num_cats > num_spiders:
        print(""猫会吃掉蜘蛛"")
    else:
        print(""猫吃不完蜘蛛"")
else:
    print('蜘蛛很少')"
50,0," num_students = 100

print(num_students)","num_students = 100

print(num_students)"
51,0,"param = int(input())

def convert_num(input_num):
    if (input_num >= 10):
        input_num = input_num - 10
         print(input_num)
convert_num(param)","param = int(input())

def convert_num(input_num):
    if (input_num >= 10):
        input_num = input_num - 10
    print(input_num)

convert_num(param)"
52,0,"num_spiders = int(input())
num_cats = int(input())
#在这里补全代码
if num_spiders > 10:
    if num_cats > num_spiders:
        print(""猫会吃掉蜘蛛"")
    else:
    print(""猫吃不完蜘蛛"")
else:
    print('蜘蛛很少')","num_spiders = int(input())
num_cats = int(input())
if num_spiders > 10:
    if num_cats > num_spiders:
        print(""猫会吃掉蜘蛛"")
    else:
        print(""猫吃不完蜘蛛"")
else:
    print('蜘蛛很少')"
53,0,"num_spiders = int(input())
num_cats = int(input())
if num_spiders > 10:
    if num_cats > num_spiders:
    print(""猫会吃掉蜘蛛"")
else:
print(""猫吃不完蜘蛛"")
else:
print('蜘蛛很少')","num_spiders = int(input())
num_cats = int(input())
if num_spiders > 10:
    if num_cats > num_spiders:
        print(""猫会吃掉蜘蛛"")
    else:
        print(""猫吃不完蜘蛛"")
else:
    print('蜘蛛很少')"
54,0,"for i in range(1,8):
    if(i == 4):
    continue
    print(i)","for i in range(1,8):
    if (i == 4):
        continue
    print(i)"
55,0,"num_spiders = int(input())
num_cats = int(input())
#在这里补全代码
if num_spiders > 10:
    if num_cats > num_spiders:
    print(""猫会吃掉蜘蛛"")
    else:
    print(""猫吃不完蜘蛛"")
else:
    print('蜘蛛很少')","num_spiders = int(input())
num_cats = int(input())
if num_spiders > 10:
    if num_cats > num_spiders:
        print(""猫会吃掉蜘蛛"")
    else:
        print(""猫吃不完蜘蛛"")
else:
    print('蜘蛛很少')"
56,0,"param = int(input())

def convert_num(input_num):
    if (input_num >=10):
        input_num = input_num - 10
         print(input_num)

convert_num(param)","param = int(input())

def convert_num(input_num):
    if (input_num >= 10):
        input_num = input_num - 10
    print(input_num)

convert_num(param)"
57,0,"num_spiders = int(input())
num_cats = int(input())
if num_spiders > 10:
    if num_cats > num_spiders:
        print(""猫会吃掉蜘蛛"")
else:
print(""猫吃不完蜘蛛"")
else:
print('蜘蛛很少')","num_spiders = int(input())
num_cats = int(input())
if num_spiders > 10:
    if num_cats > num_spiders:
        print(""猫会吃掉蜘蛛"")
    else:
        print(""猫吃不完蜘蛛"")
else:
    print('蜘蛛很少')"
58,0,"num_spiders = int(input())
num_cats = int(input())
#在这里补全代码
    if num_spiders > 10:
    if num_cats > num_spiders:
        print(""猫会吃掉蜘蛛"")
    else:
        print(""猫吃不完蜘蛛"")
    else:
        print('蜘蛛很少')","num_spiders = int(input())
num_cats = int(input())
if num_spiders > 10:
    if num_cats > num_spiders:
        print(""猫会吃掉蜘蛛"")
    else:
        print(""猫吃不完蜘蛛"")
else:
    print('蜘蛛很少')"
59,0,"num_spiders = int(input())
num_cats = int(input())
#在这里补全代码
if num_spiders > 10:
    if num_cats > num_spiders:    
        print(""猫会吃掉蜘蛛"")
    else:
        print(""猫吃不完蜘蛛"")
        else:
            print('蜘蛛很少')","num_spiders = int(input())
num_cats = int(input())
if num_spiders > 10:
    if num_cats > num_spiders:
        print(""猫会吃掉蜘蛛"")
    else:
        print(""猫吃不完蜘蛛"")
else:
    print('蜘蛛很少')"
60,0,"user_age=int(input())
    if user_age==18:
        num_candles=18
    else:
        num_candles=3
print(num_candles)","user_age = int(input())
if user_age == 18:  
    num_candles = 18
else:
    num_candles = 3
print(num_candles)"
61,0,"# 在这里编写代码
def welcome_to_circle_cat():
print(""Welcome to circle cat!"")
# 请不要更改此行以下的代码
welcome_to_circle_cat()
welcome_to_circle_cat()
welcome_to_circle_cat()","def welcome_to_circle_cat():
    print(""Welcome to circle cat!"")

welcome_to_circle_cat()
welcome_to_circle_cat()
# 请不要更改此行以下的代码
welcome_to_circle_cat()"
62,0,"import ast
input_list_1 = ast.literal_eval(input())
input_list_2 = ast.literal_eval(input())
# 请不要更改此行以上的代码

# 在这里编写代码
def add_matrix(matrix_1, matrix_2):
    for i in range(0, len(matrix_1)):
        for j in range(0, len(matrix_1[i])):
        matrix_1[i][j] = matrix_1[i][j] + matrix_2[i][j]
    return matrix_1

# 请不要更改此行以下的代码
print(add_matrix(input_list_1, input_list_2))","import ast
input_list_1 = ast.literal_eval(input())
input_list_2 = ast.literal_eval(input())
# 请不要更改此行以上的代码

def add_matrix(matrix_1, matrix_2):
    for i in range(0, len(matrix_1)):
        for j in range(0, len(matrix_1[i])):
            matrix_1[i][j] = matrix_1[i][j] + matrix_2[i][j]
    return matrix_1

# 请不要更改此行以下的代码
print(add_matrix(input_list_1, input_list_2))"
63,0," def welcome_to_circle_cat():
  print(""Welcome to circle cat!"")
  

  
welcome_to_circle_cat()	
welcome_to_circle_cat() 

# 请不要更改此行以下的代码
welcome_to_circle_cat()","def welcome_to_circle_cat():
    print(""Welcome to circle cat!"")

welcome_to_circle_cat()
welcome_to_circle_cat()
# 请不要更改此行以下的代码
welcome_to_circle_cat()"
64,0," num_students=100
 print(num_students)","num_students = 100

print(num_students)"
65,0,"temp_list = input().split(',')
# 请不要更改此行以上的代码

# 在这里编写代码
def count_negative(my_list):
    count = 0
    for i in my_list:  #疑问，为什么是形参my_list,其实temp_list也可以
        if int(i) < 0:
        count += 1
    return count
        
# 请不要更改此行以下的代码
print(count_negative(temp_list))","temp_list = input().split(',')
# 请不要更改此行以上的代码

def count_negative(my_list):
    count = 0
    for i in my_list:
        if int(i) < 0:
            count += 1
    return count

# 请不要更改此行以下的代码
print(count_negative(temp_list))"
66,0,"num_spiders = int(input())
num_cats = int(input())
if num_spiders > 10:
    if num_cats > num_spiders:
    print(""猫会吃掉蜘蛛"")
    else:
    print(""猫吃不完蜘蛛"")
else:
print('蜘蛛很少')#在这里补全代码","num_spiders = int(input())
num_cats = int(input())
if num_spiders > 10:
    if num_cats > num_spiders:
        print(""猫会吃掉蜘蛛"")
    else:
        print(""猫吃不完蜘蛛"")
else:
    print('蜘蛛很少')"
67,0,"num_spiders = int(input())
num_cats = int(input())
if num_spiders > 10:
    if num_cats > num_spiders:
    print(""猫会吃掉蜘蛛"")
    else:
        print(""猫吃不完蜘蛛"")
else:
print('蜘蛛很少')","num_spiders = int(input())
num_cats = int(input())
if num_spiders > 10:
    if num_cats > num_spiders:
        print(""猫会吃掉蜘蛛"")
    else:
        print(""猫吃不完蜘蛛"")
else:
    print('蜘蛛很少')"
68,0,"def welcome_to_cirlcle_cat():
print(""Welcome to circle cat!"")

# 请不要更改此行以下的代码
welcome_to_cirlcle_cat()
welcome_to_cirlcle_cat()
welcome_to_cirlcle_cat()","def welcome_to_cirlcle_cat():
    print(""Welcome to circle cat!"")

welcome_to_cirlcle_cat()
welcome_to_cirlcle_cat()
# 请不要更改此行以下的代码
welcome_to_cirlcle_cat()"
69,0,"param = int(input())

def convert_num(input_num):
    if (input_num >= 10):
        input_num = input_num - 10
            print(input_num)

convert_num(param)","param = int(input())

def convert_num(input_num):
    if (input_num >= 10):
        input_num = input_num - 10
    print(input_num)

convert_num(param)"
70,0,"num_spiders = int(input())
num_cats = int(input())
#在这里补全代码
if num_spiders > 10:
    if num_cats > num_spiders:    
        print(""猫会吃掉蜘蛛"")
    else:
        print(""猫吃不完蜘蛛"")
    else:
        print('蜘蛛很少')","num_spiders = int(input())
num_cats = int(input())
if num_spiders > 10:
    if num_cats > num_spiders:
        print(""猫会吃掉蜘蛛"")
    else:
        print(""猫吃不完蜘蛛"")
else:
    print('蜘蛛很少')"
71,0,"param = int(input())

def convert_num(input_num):
    if (input_num >= 10):
       
        input_num = input_num - 10
         print(input_num)

convert_num(param)","param = int(input())

def convert_num(input_num):
    if (input_num >= 10):
        input_num = input_num - 10
    print(input_num)

convert_num(param)"
72,0,"user_age = int(input())

if user_age == 18 :
    num_candles = 18
    else:
        num_candles = 3
        
print(num_candles)","user_age = int(input())
if user_age == 18:  
    num_candles = 18
else:
    num_candles = 3
print(num_candles)"
73,0,"num_spiders = int(input())
num_cats = int(input())
if num_spiders > 10:
    if num_cats > num_spiders:
        print(""猫会吃掉蜘蛛"")
    else:
    print(""猫吃不完蜘蛛"")
else:
    print('蜘蛛很少')","num_spiders = int(input())
num_cats = int(input())
if num_spiders > 10:
    if num_cats > num_spiders:
        print(""猫会吃掉蜘蛛"")
    else:
        print(""猫吃不完蜘蛛"")
else:
    print('蜘蛛很少')"
74,0,"param = input()

# 在此处补全代码
    print(param[4])","param = input()

print(param[4])"
75,0,"user_age=int(input())
 if user_age == 18:
    num_candles=18
 else:
     num_candles=3
print(num_candles)","user_age = int(input())
if user_age == 18:  
    num_candles = 18
else:
    num_candles = 3
print(num_candles)"
76,0,"param = input()

 for i in param:
	print(i)","param = input()

for i in param:
    print(i)"
77,0,"num_spiders = int(input())
num_cats = int(input())
#在这里补全代码

if num_spiders > 10:
if num_cats > num_spiders:
    print(""猫会吃掉蜘蛛"")
else:
    print(""猫吃不完蜘蛛"")
else:
    print('蜘蛛很少')","num_spiders = int(input())
num_cats = int(input())
if num_spiders > 10:
    if num_cats > num_spiders:
        print(""猫会吃掉蜘蛛"")
    else:
        print(""猫吃不完蜘蛛"")
else:
    print('蜘蛛很少')"
78,0,"num_spiders = int(input())
num_cats = int(input())
if num_spiders > 10:
    if num_cats > num_spiders:
    print(""猫会吃掉蜘蛛"")
else:
    print(""猫吃不完蜘蛛"")
else:
    print('蜘蛛很少')","num_spiders = int(input())
num_cats = int(input())
if num_spiders > 10:
    if num_cats > num_spiders:
        print(""猫会吃掉蜘蛛"")
    else:
        print(""猫吃不完蜘蛛"")
else:
    print('蜘蛛很少')"
79,0,"num_spiders = int(input())
num_cats = int(input())
#在这里补全代码
if num_spiders > 10:
if num_cats > num_spiders:
print(""猫会吃掉蜘蛛"")
else:
print(""猫吃不完蜘蛛"")
else:
print('蜘蛛很少')","num_spiders = int(input())
num_cats = int(input())
if num_spiders > 10:
    if num_cats > num_spiders:
        print(""猫会吃掉蜘蛛"")
    else:
        print(""猫吃不完蜘蛛"")
else:
    print('蜘蛛很少')"
80,0,"param = input()
for i in param:
print (i)

# 在此处补全答案","param = input()

for i in param:
    print(i)"
81,0,"input_dict = input()
input_dict = eval(input_dict)
user_info={}
def add_user(user_name,pass_word):
	user_info[user_name]=pass_word
def verify_user(user_name,pass_word):
	if user_name in user_info:
		if user_info[user_name]==pass_word:
			return True
	return False
for i in input_dict['add']:
    add_user(i[0], i[1])
for i in input_dict['verify']:
print(verify_user(i[0], i[1]))","input_dict = input()
input_dict = eval(input_dict)
# 请不要更改此行以上的代码

user_info = {}

def add_user(user_name, pass_word):
    user_info[user_name] = pass_word

def verify_user(user_name, pass_word):
    if user_name in user_info:
        if user_info[user_name] == pass_word:
            return True
    return False

# 请不要更改此行以下的代码
for i in input_dict['add']:
    add_user(i[0], i[1])
for i in input_dict['verify']:
    print(verify_user(i[0], i[1]))"
82,0,"def welcome_to_circle_cat():
print(""Welcome to circle cat!"")
# 请不要更改此行以下的代码
welcome_to_circle_cat()
welcome_to_circle_cat()
welcome_to_circle_cat()","def welcome_to_circle_cat():
    print(""Welcome to circle cat!"")

welcome_to_circle_cat()
welcome_to_circle_cat()
# 请不要更改此行以下的代码
welcome_to_circle_cat()"
83,0,"num_spiders = int(input())
num_cats = int(input())
if num_spiders > 10:
    if num_cats > num_spiders:
    print(""猫会吃掉蜘蛛"")
    else:
        print(""猫吃不完蜘蛛"")
else:
    print('蜘蛛很少')","num_spiders = int(input())
num_cats = int(input())
if num_spiders > 10:
    if num_cats > num_spiders:
        print(""猫会吃掉蜘蛛"")
    else:
        print(""猫吃不完蜘蛛"")
else:
    print('蜘蛛很少')"
84,1,"print('I can')
print('swim.')
my_age = 10
print('my age:' my_age)","print('I can')
print('swim.')
my_age = 10
print('my age:', my_age)"
85,1,"user_age = int(input())
if user_age == 18:
    num_candles = 18
else
    num_candles = 3
    
print(num_candles)","user_age = int(input())
if user_age == 18:  
    num_candles = 18
else:
    num_candles = 3
print(num_candles)"
86,1,"for i in range(1,8):
    # 在此处补全代码
    for (i==4):
        continue
    print(i)","for i in range(1,8):
    if (i == 4):
        continue
    print(i)"
87,1,"input_int = int(input())
# 请不要更改此行以上的代码

def days_left_to_sunday(day):
    if day < 7:
        print(""还有"" + str(7 - day) + ""天到周日"")
        def days_left_to_sunday(day+1)
    else:
        print(""到周日了!"")

# 请不要更改此行以下的代码
days_left_to_sunday(input_int)","input_int = int(input())
# 请不要更改此行以上的代码

def days_left_to_sunday(day):
    if day < 7:
        print(""还有"" + str(7 - day) + ""天到周日"")
        days_left_to_sunday(day + 1)
    else:
        print(""到周日了!"")

# 请不要更改此行以下的代码
days_left_to_sunday(input_int)"
88,1," num_students == 100

print(num_students)","num_students = 100

print(num_students)"
89,1,"param = int(input())

def convert_num(input_num):
    if (input_num >= 10):
        input_num = input_num - 10
    else
    print(input_num)
        
convert_num(param)","param = int(input())

def convert_num(input_num):
    if (input_num >= 10):
        input_num = input_num - 10
    print(input_num)

convert_num(param)"
90,1,"# 在这里编写代码
def welcome_to_circle_cat()
 print(""Welcome to circle cat!"")
welcome_to_circle_cat() 
welcome_to_circle_cat() 
# 请不要更改此行以下的代码
welcome_to_circle_cat()","def welcome_to_circle_cat():
    print(""Welcome to circle cat!"")

welcome_to_circle_cat()
welcome_to_circle_cat()
# 请不要更改此行以下的代码
welcome_to_circle_cat()"
91,1,"num_spiders = int(input())
num_cats = int(input())
#在这里补全代码
if num_spiders>10：
    if num_cats>num_spiders: 
    print(""猫会吃掉蜘蛛"")
    else:
    print(""猫吃不完蜘蛛"")
else:
print('蜘蛛很少')","num_spiders = int(input())
num_cats = int(input())
if num_spiders > 10:
    if num_cats > num_spiders:
        print(""猫会吃掉蜘蛛"")
    else:
        print(""猫吃不完蜘蛛"")
else:
    print('蜘蛛很少')"
92,1,"def welcome_to_circle_cat()
print (""Welcome to circle cat!"")
welcome_to_circle_cat()
welcome_to_circle_cat()

# 请不要更改此行以下的代码
welcome_to_circle_cat()","def welcome_to_circle_cat():
    print(""Welcome to circle cat!"")

welcome_to_circle_cat()
welcome_to_circle_cat()
# 请不要更改此行以下的代码
welcome_to_circle_cat()"
93,1,"param = int(input())

def print_num(input_num):
    if (input_num = 10):
        print(input_num)

print_num(param)","param = int(input())

def print_num(input_num):
    if (input_num == 10):
        print(input_num)

print_num(param)"
94,1,"temp_list = input().split(',')
# 请不要更改此行以上的代码

count_negative(my_list):
    count = 0
    for i in my_list:
        if int(i) < 0:
            count += 1
    return count        
        

# 请不要更改此行以下的代码
print(count_negative(temp_list))","temp_list = input().split(',')
# 请不要更改此行以上的代码

def count_negative(my_list):
    count = 0
    for i in my_list:
        if int(i) < 0:
            count += 1
    return count

# 请不要更改此行以下的代码
print(count_negative(temp_list))"
95,1,"num_yuan +  = int(input())
num_jiao = int(input())

# 在这里填写代码
num_coins = num_yuan + num_jiao
print(num_coins)","num_yuan = int(input())
num_jiao = int(input())

num_coins = num_yuan + num_jiao

print(num_coins)"
96,1,"num_spiders = int(input())
num_cats = int(input())
#在这里补全代码
if num_spiders > 10：
    if num_cats > num_spiders: 
    print(""猫会吃掉蜘蛛"")
    else:
    print(""猫吃不完蜘蛛"")
else:
print('蜘蛛很少')","num_spiders = int(input())
num_cats = int(input())
if num_spiders > 10:
    if num_cats > num_spiders:
        print(""猫会吃掉蜘蛛"")
    else:
        print(""猫吃不完蜘蛛"")
else:
    print('蜘蛛很少')"
97,1,"input_int = int(input())
# 请不要更改此行以上的代码

def days_left_to_sunday(day):
    if day < 7:
        print(""还有"" + str(7 - day) + ""天到周日"")
        days_left_to_sunday(day+1):
    else:
        print(""到周日了!"")

# 请不要更改此行以下的代码
days_left_to_sunday(input_int)","input_int = int(input())
# 请不要更改此行以上的代码

def days_left_to_sunday(day):
    if day < 7:
        print(""还有"" + str(7 - day) + ""天到周日"")
        days_left_to_sunday(day + 1)
    else:
        print(""到周日了!"")

# 请不要更改此行以下的代码
days_left_to_sunday(input_int)"
98,1,"num_students = int(input())
if num_students < 50,
    print('没到齐')
else: print('到齐了')","num_students = int(input())  

if num_students < 50:
    print('没到齐')
else:
    print('到齐了')"
99,1,"def welcome_to_circle_cat():
print('Welcome to circle cat!')
# 请不要更改此行以下的代码
welcome_to_circle_cat()
welcome_to_circle_cat()
welcome_to_circle_cat()","def welcome_to_circle_cat():
    print(""Welcome to circle cat!"")

welcome_to_circle_cat()
welcome_to_circle_cat()
# 请不要更改此行以下的代码
welcome_to_circle_cat()"
100,1,"x = int(input())
y = int(input())

# 在此处补全代码
x=//y
print(x)
x=x//y
print(x)
x=x//y
print(x)","x = int(input())
y = int(input())

x = x // y
print(x)
x = x // y
print(x)
x = x // y
print(x)"
101,1,"for i in range(0, 10):
    print(i)
    if(i>5):
    break","for i in range(0, 10):
    print(i)
    if (i == 5):
        break"
102,1,"input_int = int(input())
# 请不要更改此行以上的代码

def days_left_to_sunday(day):
    if day < 7:
        print(""还有"" + str(7 - day) + ""天到周日"")
        #在这里添加一行代码
        def days_left_to_sunday(day + 1)
    else:
        print(""到周日了!"")

# 请不要更改此行以下的代码
days_left_to_sunday(input_int)","input_int = int(input())
# 请不要更改此行以上的代码

def days_left_to_sunday(day):
    if day < 7:
        print(""还有"" + str(7 - day) + ""天到周日"")
        days_left_to_sunday(day + 1)
    else:
        print(""到周日了!"")

# 请不要更改此行以下的代码
days_left_to_sunday(input_int)"
103,1,"for i in range(1,8):
    if(i=4):
        continue
    print(i)","for i in range(1,8):
    if (i == 4):
        continue
    print(i)"
104,1,"import ast
input_list_1 = ast.literal_eval(input())
input_list_2 = ast.literal_eval(input())
# 请不要更改此行以上的代码

# 在这里编写代码
def add_matrix(matrix_1, matrix_2):
    for i in range(0, len(matrix_1)):
        for j in range(0, len(matrix_1[i]))
        matrix_1[i][j] = matrix_1[i][j] + matrix_2[i][j]
    return matrix_1

# 请不要更改此行以下的代码
print(add_matrix(input_list_1, input_list_2))","import ast
input_list_1 = ast.literal_eval(input())
input_list_2 = ast.literal_eval(input())
# 请不要更改此行以上的代码

def add_matrix(matrix_1, matrix_2):
    for i in range(0, len(matrix_1)):
        for j in range(0, len(matrix_1[i])):
            matrix_1[i][j] = matrix_1[i][j] + matrix_2[i][j]
    return matrix_1

# 请不要更改此行以下的代码
print(add_matrix(input_list_1, input_list_2))"
105,1,"param = input()
for i in param
    print(i)
# 在此处补全答案","param = input()

for i in param:
    print(i)"
106,1,"user_age=int(input())
if user_age == 18
    num_candles=18
else:
    num_candles=3
    
print(num_candles)","user_age = int(input())
if user_age == 18:  
    num_candles = 18
else:
    num_candles = 3
print(num_candles)"
107,1,"input_int = int(input())
# 请不要更改此行以上的代码

def power_of_two(num):
    if num == 0
        return 1
    else:
        return 2 * power_of_two(num-1)
# 请不要更改此行以下的代码
print(power_of_two(input_int))","input_int = int(input())
# 请不要更改此行以上的代码

def power_of_two(num):
    if num == 0:
        return 1
    else:
        return 2 * power_of_two(num - 1)

# 请不要更改此行以下的代码
print(power_of_two(input_int))"
108,1,"# 在这里编写代码
def welcome_to_circle_cat()
 print(""Welcome to circle cat!"")

# 请不要更改此行以下的代码
welcome_to_circle_cat()
welcome_to_circle_cat()
welcome_to_circle_cat()","def welcome_to_circle_cat():
    print(""Welcome to circle cat!"")

welcome_to_circle_cat()
welcome_to_circle_cat()
# 请不要更改此行以下的代码
welcome_to_circle_cat()"
109,1,"# 在这里编写代码
welcome_to_cirlcle_cat():
    print(""Welcome to circle cat!"")
    
welcome_to_cirlcle_cat()


welcome_to_cirlcle_cat()
# 请不要更改此行以下的代码
welcome_to_cirlcle_cat()","def welcome_to_cirlcle_cat():
    print(""Welcome to circle cat!"")

welcome_to_cirlcle_cat()
welcome_to_cirlcle_cat()
# 请不要更改此行以下的代码
welcome_to_cirlcle_cat()"
110,1,"def welcome_to_circle_cat():
    print(""Welcome to circle cat!"")
    
welcome_to_circle_cat()
welcome_to_circle_cat():# 在这里编写代码

# 请不要更改此行以下的代码
welcome_to_circle_cat()","def welcome_to_circle_cat():
    print(""Welcome to circle cat!"")

welcome_to_circle_cat()
welcome_to_circle_cat()
# 请不要更改此行以下的代码
welcome_to_circle_cat()"
111,1,"for i in range(0, 10):
    print(i)
    # 在这里补全代码
    if (i==5)
    break","for i in range(0, 10):
    print(i)
    if (i == 5):
        break"
112,1,"film_rate = int((input())
if film_rate > 7:
    print('好看')
else:
    print('不好看')","film_rate = int(input())

if film_rate > 7:
    print('好看')
else:
    print('不好看')"
113,1,"input_list_0 = input().split(',')
input_list_1 = input().split(',')
# 请不要更改此行以上的代码
my_list=input_list_0 + input_list_1
del my_list[0]
    my_list[0]='0'
# 在这里编写代码

# 请不要更改此行以下的代码
print("","".join(my_list))","input_list_0 = input().split(',')
input_list_1 = input().split(',')
# 请不要更改此行以上的代码

my_list = input_list_0 + input_list_1
del my_list[0]
my_list[0] = 'x'

# 请不要更改此行以下的代码
print("","".join(my_list))"
114,1,"temp_list = input().split(',')

def count_negative(my_list):
    count=0
    for i in my_list:
        if int(i)<0
        count+=1
    return count
        
print(count_negative(temp_list))","temp_list = input().split(',')
# 请不要更改此行以上的代码

def count_negative(my_list):
    count = 0
    for i in my_list:
        if int(i) < 0:
            count += 1
    return count

# 请不要更改此行以下的代码
print(count_negative(temp_list))"
115,1,"user_age=int(input())
if user_age==18:
    num_candles=18
else
   num_candles=3
   print(num_candles)","user_age = int(input())
if user_age == 18:  
    num_candles = 18
else:
    num_candles = 3
print(num_candles)"
116,1,"num_spiders = int(input())
num_cats = int(input())
#在这里补全代码
if num_spiders > 10:
    num_cats > num_spiders:
    print(""猫会吃掉蜘蛛"")
else:
    print(""猫吃不完蜘蛛"")
else:
    print('蜘蛛很少')","num_spiders = int(input())
num_cats = int(input())
if num_spiders > 10:
    if num_cats > num_spiders:
        print(""猫会吃掉蜘蛛"")
    else:
        print(""猫吃不完蜘蛛"")
else:
    print('蜘蛛很少')"
117,1,"input_int = int(input())
# 请不要更改此行以上的代码

def days_left_to_sunday(day):
    if day < 7:
        print(""还有"" + str(7 - day) + ""天到周日"")
        def days_left_to_sunday(day + 1)
    else:
        print(""到周日了!"")

# 请不要更改此行以下的代码
days_left_to_sunday(input_int)","input_int = int(input())
# 请不要更改此行以上的代码

def days_left_to_sunday(day):
    if day < 7:
        print(""还有"" + str(7 - day) + ""天到周日"")
        days_left_to_sunday(day + 1)
    else:
        print(""到周日了!"")

# 请不要更改此行以下的代码
days_left_to_sunday(input_int)"
118,1,"film_rate = int((input())
if film_rate > 7:
  print('好看')
else:
  print('不好看')","film_rate = int(input())

if film_rate > 7:
    print('好看')
else:
    print('不好看')"
119,1,"user_age=int(input())

if user_age==18
    num_candles=18
else:
    num_candles=3
    
print(num_candles)","user_age = int(input())
if user_age == 18:  
    num_candles = 18
else:
    num_candles = 3
print(num_candles)"
120,1,"def welcome_to_circle_cat()
print(""Welcome to circle cat!"")
welcome_to_circle_cat()
welcome_to_circle_cat()
# 请不要更改此行以下的代码
welcome_to_circle_cat()","def welcome_to_circle_cat():
    print(""Welcome to circle cat!"")

welcome_to_circle_cat()
welcome_to_circle_cat()
# 请不要更改此行以下的代码
welcome_to_circle_cat()"
121,1,"age = int(input())
weight = int(input())
heart_rate = int(input())
time = int(int(input()))

calories_burned = ((age * 0.2757) + (weight * 0.03295) + (heart_rate * 1.0781) - 75.4991) * time / 8.368)

print(calories_burned)","age = int(input())
weight = int(input())
heart_rate = int(input())
time = int(int(input()))

calories_burned = ((age * 0.2757) + (weight * 0.03295) + (heart_rate * 1.0781) - 75.4991) * time / 8.368

print(calories_burned)"
122,1,"for i in range(0, 10):
    print(i)
    # 在这里补全代码
    if(i==5)
    break","for i in range(0, 10):
    print(i)
    if (i == 5):
        break"
123,1,"num_students = int(input())
if num_students < 50:
    print('没到齐')
else:
    print('到齐了'')","num_students = int(input())  

if num_students < 50:
    print('没到齐')
else:
    print('到齐了')"
124,1,"def num_students=100
print(num_students)","num_students = 100

print(num_students)"
125,1,"print('I can')
print('swim.')
my_age = 10
print('my age:'my_age)","print('I can')
print('swim.')
my_age = 10
print('my age:', my_age)"
126,1,"for i in range(0, 10):
    print(i)
    if (i> 5):
    break","for i in range(0, 10):
    print(i)
    if (i == 5):
        break"
127,1,"my_list = input().split(',')
new_list = []
# 请不要更改此行以上的代码

# 在这里编写代码
for i in range(0,len(my_list))
new_list.append(my_list.pop())
# 请不要更改此行以下的代码
print("","".join(new_list))","my_list = input().split(',')
new_list = []
# 请不要更改此行以上的代码

for i in range(0, len(my_list)):
    new_list.append(my_list.pop())

# 请不要更改此行以下的代码
print("","".join(new_list))"
128,1,"def welcome_to_circle_cat()
 print(""Welcome to circle cat!"")
welcome_to_circle_cat()
welcome_to_circle_cat()
# 请不要更改此行以下的代码
welcome_to_circle_cat()","def welcome_to_circle_cat():
    print(""Welcome to circle cat!"")

welcome_to_circle_cat()
welcome_to_circle_cat()
# 请不要更改此行以下的代码
welcome_to_circle_cat()"
129,1,"user_age=int(input())
if user_age==18:
    num_candles=18
else num_candles=3
print(num_candles)","user_age = int(input())
if user_age == 18:  
    num_candles = 18
else:
    num_candles = 3
print(num_candles)"
130,1,"input_int = int(input())
# 请不要更改此行以上的代码

def power_of_two(num):
    if num == 0 # 在此补充:
        return 1 # 在此补充
    else:
        return 2 * power_of_two(num - 1)  # 在此补充
        
# 请不要更改此行以下的代码
print(power_of_two(input_int))","input_int = int(input())
# 请不要更改此行以上的代码

def power_of_two(num):
    if num == 0:
        return 1
    else:
        return 2 * power_of_two(num - 1)

# 请不要更改此行以下的代码
print(power_of_two(input_int))"
131,1,"def welcome_to_cirlcle_cat()：
    print(""Welcome to circle cat!"")
welcome_to_cirlcle_cat()
welcome_to_cirlcle_cat()
# 请不要更改此行以下的代码
welcome_to_cirlcle_cat()","def welcome_to_cirlcle_cat():
    print(""Welcome to circle cat!"")

welcome_to_cirlcle_cat()
welcome_to_cirlcle_cat()
# 请不要更改此行以下的代码
welcome_to_cirlcle_cat()"
132,1,"def welcome_to_circle_cat():
print('welcome_to_circle_cat!')
# 请不要更改此行以下的代码
welcome_to_circle_cat()
welcome_to_circle_cat()
welcome_to_circle_cat()","def welcome_to_circle_cat():
    print(""Welcome to circle cat!"")

welcome_to_circle_cat()
welcome_to_circle_cat()
# 请不要更改此行以下的代码
welcome_to_circle_cat()"
133,1,"user_age=int(input(''))
    if user_age == 18:
        num_candles=18
    else:
        num_candles=3
print(num_candles)","user_age = int(input())
if user_age == 18:  
    num_candles = 18
else:
    num_candles = 3
print(num_candles)"
134,1,"print (""       你好\n再见""）","print(""       你好\n再见"")"
135,1,"input_int = int(input())
# 请不要更改此行以上的代码

def days_left_to_sunday(day):
    if day < 7:
        print(""还有"" + str(7 - day) + ""天到周日"")
        days_left_to_sunday(day+1))#在这里添加一行代码
    else:
        print(""到周日了!"")

# 请不要更改此行以下的代码
days_left_to_sunday(input_int)","input_int = int(input())
# 请不要更改此行以上的代码

def days_left_to_sunday(day):
    if day < 7:
        print(""还有"" + str(7 - day) + ""天到周日"")
        days_left_to_sunday(day + 1)
    else:
        print(""到周日了!"")

# 请不要更改此行以下的代码
days_left_to_sunday(input_int)"
136,1,"print('I can')
print('swim.')
my_age = 10
print('my age:'  my_age)","print('I can')
print('swim.')
my_age = 10
print('my age:', my_age)"
137,1,"film_rate = int(input())

if film_rate > 7
  print('好看')
else:
  print('不好看')","film_rate = int(input())

if film_rate > 7:
    print('好看')
else:
    print('不好看')"
138,1,"param = input()
print(param.[4])

# 在此处补全代码","param = input()

print(param[4])"
139,1,"# 在这里补全代码
num_students = 100；
print(num_students)","num_students = 100

print(num_students)"
140,1,"user_age = int(input())

if user_age==18:
    num_candles = 18
else
    num_candles = 3

print(num_candles)","user_age = int(input())
if user_age == 18:  
    num_candles = 18
else:
    num_candles = 3
print(num_candles)"
141,1,"num_spiders = int(input())
num_cats = int(input())
#在这里补全代码
if num_spiders>10：
    if num_cats>num_spiders: 
        print(""猫会吃掉蜘蛛"")
    else:
        print(""猫吃不完蜘蛛"")
else:
    print('蜘蛛很少')","num_spiders = int(input())
num_cats = int(input())
if num_spiders > 10:
    if num_cats > num_spiders:
        print(""猫会吃掉蜘蛛"")
    else:
        print(""猫吃不完蜘蛛"")
else:
    print('蜘蛛很少')"
142,1,"num_animals=int(input())
if num_animals>=30:
    forest_size=3
else forest_size=1
print(forest_size)","num_animals = int(input()) 

if num_animals >= 30:
    forest_size = 3
else:
    forest_size = 1

print(forest_size)"
143,1,"user_age=int(input())
if user_age==18
    num_candles=18
else:
    num_candles=3
    
print(num_candles)","user_age = int(input())
if user_age == 18:  
    num_candles = 18
else:
    num_candles = 3
print(num_candles)"
144,1,"a= int(input())
b= int(input())
c= int(input())
print(a+b=c)","a = int(input())
b = int(input())
c = int(input())
print(a+b+c)"
145,1,"num_spiders = int(input())
num_cats = int(input())
#在这里补全代码

num_spiders > 10:
if num_cats > num_spiders:
    print(""猫会吃掉蜘蛛"")
else:
    print(""猫吃不完蜘蛛"")
else:
    print('蜘蛛很少')","num_spiders = int(input())
num_cats = int(input())
if num_spiders > 10:
    if num_cats > num_spiders:
        print(""猫会吃掉蜘蛛"")
    else:
        print(""猫吃不完蜘蛛"")
else:
    print('蜘蛛很少')"
146,1,"def welcome_to_circle_cat()
print(""Welcome to circle cat!"")
# 请不要更改此行以下的代码
welcome_to_circle_cat()
welcome_to_circle_cat()
welcome_to_circle_cat()","def welcome_to_circle_cat():
    print(""Welcome to circle cat!"")

welcome_to_circle_cat()
welcome_to_circle_cat()
# 请不要更改此行以下的代码
welcome_to_circle_cat()"
147,1,"def welcome_to_circle_cat()
print(""Welcome to circle cat!"")
welcome_to_circle_cat()
welcome_to_circle_cat()
welcome_to_circle_cat()","def welcome_to_circle_cat():
    print(""Welcome to circle cat!"")

welcome_to_circle_cat()
welcome_to_circle_cat()
# 请不要更改此行以下的代码
welcome_to_circle_cat()"
148,1,"for i in range(0, 10):
    print(i)
if (i> 5):
break","for i in range(0, 10):
    print(i)
    if (i == 5):
        break"
149,1,"input_list_0 = input().split(',')
input_list_1 = input().split(',')
# 请不要更改此行以上的代码

# 在这里编写代码
my_list=input_list_0+input_list_1
del my_list[0]
del my_list[0]='x'

# 请不要更改此行以下的代码
print("","".join(my_list))","input_list_0 = input().split(',')
input_list_1 = input().split(',')
# 请不要更改此行以上的代码

my_list = input_list_0 + input_list_1
del my_list[0]
my_list[0] = 'x'

# 请不要更改此行以下的代码
print("","".join(my_list))"
150,1,"my_list = input().split(',')
new_list = []
# 请不要更改此行以上的代码

for i in range(0,len(my_list):
    new_list.append(my_list.pop())
    
# 在这里编写代码

# 请不要更改此行以下的代码
print("","".join(new_list))","my_list = input().split(',')
new_list = []
# 请不要更改此行以上的代码

for i in range(0, len(my_list)):
    new_list.append(my_list.pop())

# 请不要更改此行以下的代码
print("","".join(new_list))"
151,1,"num_students=int(input())
if num_students<50:
    print('没到齐')
else:
    print（('到齐了')","num_students = int(input())  

if num_students < 50:
    print('没到齐')
else:
    print('到齐了')"
152,1,"film_rate = int((input())
if film_rate > 7 :
    print('好看')
else:
    print('不好看')","film_rate = int(input())

if film_rate > 7:
    print('好看')
else:
    print('不好看')"
153,1,"input_dict = input()
input_dict = eval(input_dict)
# 请不要更改此行以上的代码
user_info={}
def add_user(user_name, pass_word):
    user_info[user_name]=pass_word
def verify_user(user_name,pass_word):
    if user_name in user_info:
        if user_info[user_name]=pass_word:
            return True
    return False

# 请不要更改此行以下的代码
for i in input_dict['add']:
    add_user(i[0], i[1])
for i in input_dict['verify']:
    print(verify_user(i[0], i[1]))","input_dict = input()
input_dict = eval(input_dict)
# 请不要更改此行以上的代码

user_info = {}

def add_user(user_name, pass_word):
    user_info[user_name] = pass_word

def verify_user(user_name, pass_word):
    if user_name in user_info:
        if user_info[user_name] == pass_word:
            return True
    return False

# 请不要更改此行以下的代码
for i in input_dict['add']:
    add_user(i[0], i[1])
for i in input_dict['verify']:
    print(verify_user(i[0], i[1]))"
154,1,"num_spiders=int(input())
num_cats=int(input())
#在这里补全代码
if num_spiders>10：
    if num_cats>num_spiders: 
        print(""猫会吃掉蜘蛛"")
    else:
        print(""猫吃不完蜘蛛"")
else:
    print('蜘蛛很少')","num_spiders = int(input())
num_cats = int(input())
if num_spiders > 10:
    if num_cats > num_spiders:
        print(""猫会吃掉蜘蛛"")
    else:
        print(""猫吃不完蜘蛛"")
else:
    print('蜘蛛很少')"
155,1,"user_age=int(input())
 if
 user_age == 18
 num_candles=18
 else:
     num_candles=3
print(num_candles)","user_age = int(input())
if user_age == 18:  
    num_candles = 18
else:
    num_candles = 3
print(num_candles)"
156,1,"user_age=int(input())
if user_age == 18
    num_candles=18
else:
    num_candles=3
print(num_candles)","user_age = int(input())
if user_age == 18:  
    num_candles = 18
else:
    num_candles = 3
print(num_candles)"
157,1,"age = int((input())

print(""my age is "" + str(age))","age = int(input())

print(""my age is "" + str(age))"
158,1,"for i in range(0, 10):
    print(i)
        if (i >= 5):
        break","for i in range(0, 10):
    print(i)
    if (i == 5):
        break"
159,1,"user_age=int{input())
if user_age == 18:
    num_candles=18
else:
    num_candles=3
print(num_candles)","user_age = int(input())
if user_age == 18:  
    num_candles = 18
else:
    num_candles = 3
print(num_candles)"
160,1,"# 在这里编写代码
welcome_to_cirlcle_cat():
    print(""Welcome to circle cat!"")
welcome_to_cirlcle_cat()
welcome_to_cirlcle_cat()
# 请不要更改此行以下的代码
welcome_to_cirlcle_cat()","def welcome_to_cirlcle_cat():
    print(""Welcome to circle cat!"")

welcome_to_cirlcle_cat()
welcome_to_cirlcle_cat()
# 请不要更改此行以下的代码
welcome_to_cirlcle_cat()"
161,1,"input_list = input().split(',')
# 请不要更改此行以上的代码
def count_numbers(input_list):
    res=[0,0,0,0,0,0,0,0,0,0]
    for i in input_list
        res[int(i)]+=1
    return res
    
    
    
    


# 请不要更改此行以下的代码
print(count_numbers(input_list))","input_list = input().split(',')
# 请不要更改此行以上的代码

def count_numbers(input_list):
    res = [0,0,0,0,0,0,0,0,0,0]
    for i in input_list:
        res[int(i)] += 1
    return res

# 请不要更改此行以下的代码
print(count_numbers(input_list))"
162,1,"age = int(input())
weight = int(input())
heart_rate = int(input())
time = int(int(input()))

calories_burned = ((age * 0.2757) + (weight * 0.03295) + (heart_rate * 1.0781) - 75.4991)) * time / 8.368

print(calories_burned)","age = int(input())
weight = int(input())
heart_rate = int(input())
time = int(int(input()))

calories_burned = ((age * 0.2757) + (weight * 0.03295) + (heart_rate * 1.0781) - 75.4991) * time / 8.368

print(calories_burned)"
163,1,"param = int(input())
def print_num(input_num):
    if (input_num = 10):
        print(input_num)
print_num(param)","param = int(input())

def print_num(input_num):
    if (input_num == 10):
        print(input_num)

print_num(param)"
164,1,"user_age=int(input()):
if user_age==18:
   num_candles=18
else:
   num_candles=3
print(num_candles)","user_age = int(input())
if user_age == 18:  
    num_candles = 18
else:
    num_candles = 3
print(num_candles)"
165,1,"num_yuan = int(input())
num_jiao = int(input())

num_coins= = num_yuan + num_jiao # 在这里填写代码

print(num_coins)","num_yuan = int(input())
num_jiao = int(input())

num_coins = num_yuan + num_jiao

print(num_coins)"
166,1,"for i in range(1,8):
   if(i=4):
       continue
    print(i)","for i in range(1,8):
    if (i == 4):
        continue
    print(i)"
167,1,"def user_age = int(input())
if user_age == 18:
    num_candles = 18
else:
    num_candles = 3
print(num_candles)","user_age = int(input())
if user_age == 18:  
    num_candles = 18
else:
    num_candles = 3
print(num_candles)"
168,1,"# 在这里编写代码

def welcome_to_circle_cat()
    print(""Welcome to circle cat!"")
# 请不要更改此行以下的代码
welcome_to_circle_cat()
welcome_to_circle_cat()
welcome_to_circle_cat()","def welcome_to_circle_cat():
    print(""Welcome to circle cat!"")

welcome_to_circle_cat()
welcome_to_circle_cat()
# 请不要更改此行以下的代码
welcome_to_circle_cat()"
169,1,"time = int(input())
if 8<time<22:
    print('醒着')
elif:
    print('睡觉了')","time = int(input())
if 8 < time < 22:
    print('醒着')
else:
    print('睡觉了')"
170,1,print('生日快乐\!\'),"print(""生日快乐！"")"
171,1,"def welcome_to_circle_cat()
    print(""Welcome to circle cat!"") # 在这里编写代码
   
# 请不要更改此行以下的代码
welcome_to_circle_cat()
welcome_to_circle_cat()
welcome_to_circle_cat()","def welcome_to_circle_cat():
    print(""Welcome to circle cat!"")

welcome_to_circle_cat()
welcome_to_circle_cat()
# 请不要更改此行以下的代码
welcome_to_circle_cat()"
172,1,"input_int = int(input())
# 请不要更改此行以上的代码

def power_of_two(num):
    if num == 0 # 在此补充:
        return 1 # 在此补充
    else:
        return 2 * power_of_two(num-1)
        # 在此补充

# 请不要更改此行以下的代码
print(power_of_two(input_int))","input_int = int(input())
# 请不要更改此行以上的代码

def power_of_two(num):
    if num == 0:
        return 1
    else:
        return 2 * power_of_two(num - 1)

# 请不要更改此行以下的代码
print(power_of_two(input_int))"
173,1,"num_animals=int(input())
if num_animals>=30:
    forest_size=3
else
    forest_size=1
print(forest_size)","num_animals = int(input()) 

if num_animals >= 30:
    forest_size = 3
else:
    forest_size = 1

print(forest_size)"
174,1,"user_age=int(input())
 if user_age == 18
    num_candles=18
 else:
     num_candles=3
print(num_candles)","user_age = int(input())
if user_age == 18:  
    num_candles = 18
else:
    num_candles = 3
print(num_candles)"
175,1,"input_int = int(input())
# 请不要更改此行以上的代码

def days_left_to_sunday(day):
    if day < 7:
        print(""还有"" + str(7 - day) + ""天到周日"")
        #在这里添加一行代码
         days_left_to_sunday(day-1)
    else:
        print(""到周日了!"")

# 请不要更改此行以下的代码
days_left_to_sunday(input_int)","input_int = int(input())
# 请不要更改此行以上的代码

def days_left_to_sunday(day):
    if day < 7:
        print(""还有"" + str(7 - day) + ""天到周日"")
        days_left_to_sunday(day + 1)
    else:
        print(""到周日了!"")

# 请不要更改此行以下的代码
days_left_to_sunday(input_int)"
176,1,"def welcome_to_circle_cat()
 print(""Welcome to circle cat!"")
welcome_to_circle_cat()
welcome_to_circle_cat()
welcome_to_circle_cat()","def welcome_to_circle_cat():
    print(""Welcome to circle cat!"")

welcome_to_circle_cat()
welcome_to_circle_cat()
# 请不要更改此行以下的代码
welcome_to_circle_cat()"
177,1,"my_list = [10, 75, 94]
my_guess = int(input())
if my_guess is in my_list:
    print('猜对了')
else:
    print('猜错了')","my_list = [10, 75, 94]
my_guess = int(input())

if  my_guess in my_list:
    print('猜对了')
else:
    print('猜错了')"
178,1,"my_list = input().split(',')
new_list = []
# 请不要更改此行以上的代码


for i in range(0,len(my_list):
    
    new_list.append(my_list.pop())

# 请不要更改此行以下的代码
print("","".join(new_list))","my_list = input().split(',')
new_list = []
# 请不要更改此行以上的代码

for i in range(0, len(my_list)):
    new_list.append(my_list.pop())

# 请不要更改此行以下的代码
print("","".join(new_list))"
179,1,"# 在这里编写代码
def welcome_to_circle_cat()
 print(""Welcome to circle cat!"")
# 请不要更改此行以下的代码
welcome_to_circle_cat()
welcome_to_circle_cat()
welcome_to_circle_cat()","def welcome_to_circle_cat():
    print(""Welcome to circle cat!"")

welcome_to_circle_cat()
welcome_to_circle_cat()
# 请不要更改此行以下的代码
welcome_to_circle_cat()"
180,1,"input_int = int(input())
# 请不要更改此行以上的代码

def power_of_two(num):
    if num == 0# 在此补充:
        return 1# 在此补充
    else:
        return 2 * power_of_two(num-1)# 在此补充

# 请不要更改此行以下的代码
print(power_of_two(input_int))","input_int = int(input())
# 请不要更改此行以上的代码

def power_of_two(num):
    if num == 0:
        return 1
    else:
        return 2 * power_of_two(num - 1)

# 请不要更改此行以下的代码
print(power_of_two(input_int))"
181,1,"param = input()
print(len.(param))
# 在此处补全代码","param = input()

print(len(param))"
182,1,"for i in range(0, 10):
    print(i)
    # 在这里补全代码
    if(i>5):
    break","for i in range(0, 10):
    print(i)
    if (i == 5):
        break"
183,1,"# 在这里补全代码
def num_students=100
print(num_students)","num_students = 100

print(num_students)"
184,1,"num_spiders = int(input())
num_cats = int(input())
#在这里补全代码
    if num_spiders > 10 and if num_cats > num_spiders:
        print(""猫会吃掉蜘蛛"")
        else:
            print(""猫吃不完蜘蛛"")
            else:
                print('蜘蛛很少')","num_spiders = int(input())
num_cats = int(input())
if num_spiders > 10:
    if num_cats > num_spiders:
        print(""猫会吃掉蜘蛛"")
    else:
        print(""猫吃不完蜘蛛"")
else:
    print('蜘蛛很少')"
185,1,"input_int = int(input())
# 请不要更改此行以上的代码

def power_of_two(num):
    if num ==0 # 在此补充:
       return 1 # 在此补充
    else:
       return 2*power_of_two(num-1) # 在此补充

# 请不要更改此行以下的代码
print(power_of_two(input_int))","input_int = int(input())
# 请不要更改此行以上的代码

def power_of_two(num):
    if num == 0:
        return 1
    else:
        return 2 * power_of_two(num - 1)

# 请不要更改此行以下的代码
print(power_of_two(input_int))"
186,1,"param = input()
for i in param
print(i)","param = input()

for i in param:
    print(i)"
187,1,"print(""生日快乐！"")；","print(""生日快乐！"")"
188,1,"input_list_0 = input().split(',')
input_list_1 = input().split(',')
# 请不要更改此行以上的代码

# 在这里编写代码
my_list = input_list_0 + input_list_1
del.my_list[0]
my_list[0] = 'x'

# 请不要更改此行以下的代码
print("","".join(my_list))","input_list_0 = input().split(',')
input_list_1 = input().split(',')
# 请不要更改此行以上的代码

my_list = input_list_0 + input_list_1
del my_list[0]
my_list[0] = 'x'

# 请不要更改此行以下的代码
print("","".join(my_list))"
189,1,"temp_list = input().split(',')
# 请不要更改此行以上的代码

# 在这里编写代码
def count_negative(my_list):
    count = 0
    for i in my_list:  #疑问，为什么是形参my_list,其实temp_list也可以
        if int(i) < 0：
        count += 1
    return count
        
# 请不要更改此行以下的代码
print(count_negative(temp_list))","temp_list = input().split(',')
# 请不要更改此行以上的代码

def count_negative(my_list):
    count = 0
    for i in my_list:
        if int(i) < 0:
            count += 1
    return count

# 请不要更改此行以下的代码
print(count_negative(temp_list))"
190,1,"my_list = input().split(',')
new_list = []
# 请不要更改此行以上的代码
for i in range(0,len(my_list)):
my_list.append(my_list.pop())
# 在这里编写代码

# 请不要更改此行以下的代码
print("","".join(new_list))","my_list = input().split(',')
new_list = []
# 请不要更改此行以上的代码

for i in range(0, len(my_list)):
    new_list.append(my_list.pop())

# 请不要更改此行以下的代码
print("","".join(new_list))"
191,1,"# 在这里编写代码
def welcome_to_circle_cat()
 print(""Welcome to circle cat!"")
welcome_to_circle_cat()
welcome_to_circle_cat()
# 请不要更改此行以下的代码
welcome_to_circle_cat()","def welcome_to_circle_cat():
    print(""Welcome to circle cat!"")

welcome_to_circle_cat()
welcome_to_circle_cat()
# 请不要更改此行以下的代码
welcome_to_circle_cat()"
192,1,"temp_list = input().split(',')
# 请不要更改此行以上的代码

# 在这里编写代码
def count_negative(my_list):
    count = 0
    for i in my_list:  #疑问，为什么是形参my_list,其实temp_list也可以
        if int(i) < 0
        count += 1
    return count
        
# 请不要更改此行以下的代码
print(count_negative(temp_list))","temp_list = input().split(',')
# 请不要更改此行以上的代码

def count_negative(my_list):
    count = 0
    for i in my_list:
        if int(i) < 0:
            count += 1
    return count

# 请不要更改此行以下的代码
print(count_negative(temp_list))"
193,1,"input_int = int(input())
# 请不要更改此行以上的代码

def power_of_two(num):
    if num ==0
        return 1
    else:
        return 2 * power_of_two(num-1)
# 请不要更改此行以下的代码
print(power_of_two(input_int))","input_int = int(input())
# 请不要更改此行以上的代码

def power_of_two(num):
    if num == 0:
        return 1
    else:
        return 2 * power_of_two(num - 1)

# 请不要更改此行以下的代码
print(power_of_two(input_int))"
194,1,"# 在这里补全代码
def num_students = 100
print(num_students)","num_students = 100

print(num_students)"
195,1,"age = int(input())
weight = int(input())
heart_rate = int(input())
time = int(int(input()))

calories_burned = ((age*0.2757)+(weight*0.03295)+(heart_rate*1.0781)-75.4991))*time/8.368

print(calories_burned)","age = int(input())
weight = int(input())
heart_rate = int(input())
time = int(int(input()))

calories_burned = ((age * 0.2757) + (weight * 0.03295) + (heart_rate * 1.0781) - 75.4991) * time / 8.368

print(calories_burned)"
196,1,"age = int(input())
weight = int(input())
heart_rate = int(input())
time = int(int(input()))

calories_burned = ((age * 0.2757) + (weight * 0.03295) + (heart_rate * 1.0781) - 75.4991) * time / 8.368）

print(calories_burned)","age = int(input())
weight = int(input())
heart_rate = int(input())
time = int(int(input()))

calories_burned = ((age * 0.2757) + (weight * 0.03295) + (heart_rate * 1.0781) - 75.4991) * time / 8.368

print(calories_burned)"
197,1,"input_dict = input()
input_dict = eval(input_dict)
# 请不要更改此行以上的代码
user_info={}
def add_user(user_name,pass_word):
    user_info[user_name]=:pass_word
def verify_user(user_name,pass_word):
    if user_name in user_info:
        if user_info[user_name]==pass_word:
            return True
    return False
    
# 在这里编写代码

# 请不要更改此行以下的代码
for i in input_dict['add']:
    add_user(i[0], i[1])
for i in input_dict['verify']:
    print(verify_user(i[0], i[1]))","input_dict = input()
input_dict = eval(input_dict)
# 请不要更改此行以上的代码

user_info = {}

def add_user(user_name, pass_word):
    user_info[user_name] = pass_word

def verify_user(user_name, pass_word):
    if user_name in user_info:
        if user_info[user_name] == pass_word:
            return True
    return False

# 请不要更改此行以下的代码
for i in input_dict['add']:
    add_user(i[0], i[1])
for i in input_dict['verify']:
    print(verify_user(i[0], i[1]))"
198,1,"user_age = int(input())
if user_age ==18：
    num_candles = 18
else:
    num_candles = 3
    
print(num_candles)","user_age = int(input())
if user_age == 18:  
    num_candles = 18
else:
    num_candles = 3
print(num_candles)"
199,1,"input_dict = input()
input_dict = eval(input_dict)
# 请不要更改此行以上的代码

# 在这里编写代码
user_info ={}
def log_user(user_name):
    if user_name in user_info:
        user_info[user_name]+=1
    else:
        user_info[user_name]=1

def print_user_log(user_name):
    if user_name in user_info:
        print(user_info[user_name]]
    else:
        print(0)


# 请不要更改此行以下的代码
for i in input_dict['log']:
    log_user(i)
for i in input_dict['print']:
    print_user_log(i)","input_dict = input()
input_dict = eval(input_dict)
# 请不要更改此行以上的代码

user_info = {}
def log_user(user_name):
    if user_name in user_info:
        user_info[user_name] += 1
    else:
        user_info[user_name] = 1
        
def print_user_log(user_name):
    if user_name in user_info:
        print(user_info[user_name])
    else:
        print(0)

# 请不要更改此行以下的代码
for i in input_dict['log']:
    log_user(i)
for i in input_dict['print']:
    print_user_log(i)"
200,1,"user_age = int(input())
if user_age == 18 
    num_candles = 18
else:
    num_candles = 3
print(num_candles)","user_age = int(input())
if user_age == 18:  
    num_candles = 18
else:
    num_candles = 3
print(num_candles)"
201,1,"num_animals = int(input())

if num_animals >= 30：
    forest_size = 3
else:
    forest_size = 1
print(forest_size)","num_animals = int(input()) 

if num_animals >= 30:
    forest_size = 3
else:
    forest_size = 1

print(forest_size)"
202,1,"my_list = input().split(',')
new_list = []
# 请不要更改此行以上的代码

for i in range(0,len(my_list))
    new_list.append(my_list.pop())

# 请不要更改此行以下的代码
print("","".join(new_list))","my_list = input().split(',')
new_list = []
# 请不要更改此行以上的代码

for i in range(0, len(my_list)):
    new_list.append(my_list.pop())

# 请不要更改此行以下的代码
print("","".join(new_list))"
203,1,"num_spiders = int(input())
num_cats = int(input())
if num_spiders > 10:
    elif num_cats > num_spiders:
        print(""猫会吃掉蜘蛛"")
    else:
        print(""猫吃不完蜘蛛"")
else:
    print('蜘蛛很少')","num_spiders = int(input())
num_cats = int(input())
if num_spiders > 10:
    if num_cats > num_spiders:
        print(""猫会吃掉蜘蛛"")
    else:
        print(""猫吃不完蜘蛛"")
else:
    print('蜘蛛很少')"
204,1,"for i in range(0, 10):
    print(i)
    # 在这里补全代码
    if(i = 5):
        break","for i in range(0, 10):
    print(i)
    if (i == 5):
        break"
205,1,"def welcome_to_circle_cat():
print('Welcome to circle cat!')
welcome_to_circle_cat()
welcome_to_circle_cat()
welcome_to_circle_cat()","def welcome_to_circle_cat():
    print(""Welcome to circle cat!"")

welcome_to_circle_cat()
welcome_to_circle_cat()
# 请不要更改此行以下的代码
welcome_to_circle_cat()"
206,2,"print('I can ')
print('swim.')
my_age = 10
print('my age:' my_age)","print('I can')
print('swim.')
my_age = 10
print('my age:', my_age)"
207,2,"param = int(input())

def print_num(input_num):
    if (input_num == 10):
        print(input_num)
    else:
print_num(param)","param = int(input())

def print_num(input_num):
    if (input_num == 10):
        print(input_num)

print_num(param)"
208,2,"print(//""生日快乐!//"")","print(""生日快乐！"")"
209,2,"def welcome_to_cirlcle_cat()：
    print(""welcome to circle cat!"")
welcome_to_cirlcle_cat()
welcome_to_cirlcle_cat()
# 请不要更改此行以下的代码
welcome_to_cirlcle_cat()","def welcome_to_cirlcle_cat():
    print(""Welcome to circle cat!"")

welcome_to_cirlcle_cat()
welcome_to_cirlcle_cat()
# 请不要更改此行以下的代码
welcome_to_cirlcle_cat()"
210,2,"film_rate = int(input())
if film_rate > 7:
print(""好看"")
else:
print(""不好看"")","film_rate = int(input())

if film_rate > 7:
    print('好看')
else:
    print('不好看')"
211,2,"input_dict = input()
input_dict = eval(input_dict)
# 请不要更改此行以上的代码

# 在这里编写代码
user_info={}

def log_user(user_name):
    if user_name in user_info:
        user_info[user_name]+=1;
    else user_info[user_name]=1
	
def print_user_log(user_name):
    if user_name in user_info:
        print(user_info[user_name])
    else:
        print(0)
# 请不要更改此行以下的代码
for i in input_dict['log']:
    log_user(i)
for i in input_dict['print']:
    print_user_log(i)","input_dict = input()
input_dict = eval(input_dict)
# 请不要更改此行以上的代码

user_info = {}
def log_user(user_name):
    if user_name in user_info:
        user_info[user_name] += 1
    else:
        user_info[user_name] = 1
        
def print_user_log(user_name):
    if user_name in user_info:
        print(user_info[user_name])
    else:
        print(0)

# 请不要更改此行以下的代码
for i in input_dict['log']:
    log_user(i)
for i in input_dict['print']:
    print_user_log(i)"
212,2,"param = int(input())

def print_num(input_num):
    if (input_num == 10):
        print(input_num)
    else:
            

print_num(param)","param = int(input())

def print_num(input_num):
    if (input_num == 10):
        print(input_num)

print_num(param)"
213,2,"num_animals=int(input())

if num_animals>=50:
    forest_size=3
    
else:
     forest_size=

print(forest_size)","num_animals = int(input()) 

if num_animals >= 30:
    forest_size = 3
else:
    forest_size = 1

print(forest_size)"
214,2,"user_age = int input()
if user_age == 18:
    num_candles = 18
else:
    num_candles = 3
print(num_candles)","user_age = int(input())
if user_age == 18:  
    num_candles = 18
else:
    num_candles = 3
print(num_candles)"
215,2,print('生日快乐！'）,"print(""生日快乐！"")"
216,2,"num_spiders = int(input())
num_cats = int(input())
if num_spiders > 10
   num_cats > num_spiders:
    print(""猫会吃掉蜘蛛"")
    else:
        print(""猫吃不完蜘蛛"")
else:
    print('蜘蛛很少')","num_spiders = int(input())
num_cats = int(input())
if num_spiders > 10:
    if num_cats > num_spiders:
        print(""猫会吃掉蜘蛛"")
    else:
        print(""猫吃不完蜘蛛"")
else:
    print('蜘蛛很少')"
217,2,"param = input()
for i in 'Circlecat'
    print (i)
# 在此处补全答案","param = input()

for i in param:
    print(i)"
218,2,"film_rate=int(input(''))
if film_rate>7：
   print('好看')
else:
    print('不好看')","film_rate = int(input())

if film_rate > 7:
    print('好看')
else:
    print('不好看')"
219,2,"param = input()
for i in (param)
    print (i)","param = input()

for i in param:
    print(i)"
220,2,"num_spiders = int(input())
num_cats = int(input())
if num_spiders > 10:
   num_cats > num_spiders
print(""猫会吃掉蜘蛛"")
    else:
    print(""猫吃不完蜘蛛"")
else:
print('蜘蛛很少')","num_spiders = int(input())
num_cats = int(input())
if num_spiders > 10:
    if num_cats > num_spiders:
        print(""猫会吃掉蜘蛛"")
    else:
        print(""猫吃不完蜘蛛"")
else:
    print('蜘蛛很少')"
221,2,"num_animals = int(input())
if num_animals >= 30:
    forest_size = 3
else:
    forest_size = 1
 print(forest_size)","num_animals = int(input()) 

if num_animals >= 30:
    forest_size = 3
else:
    forest_size = 1

print(forest_size)"
222,2,"my_list = input().split(',')
new_list = []
# 请不要更改此行以上的代码

# 在这里编写代码
for i in range(0，len(my_list)):
    new_list.append(my_list.pop())

# 请不要更改此行以下的代码
print("","".join(new_list))","my_list = input().split(',')
new_list = []
# 请不要更改此行以上的代码

for i in range(0, len(my_list)):
    new_list.append(my_list.pop())

# 请不要更改此行以下的代码
print("","".join(new_list))"
223,2,"# 在这里编写代码
def welcome_to_circle_cat()
 print(""Weclome to circle car"")
welcome_to_circle_cat()
welcome_to_circle_cat()
# 请不要更改此行以下的代码
welcome_to_circle_cat()","def welcome_to_circle_cat():
    print(""Welcome to circle cat!"")

welcome_to_circle_cat()
welcome_to_circle_cat()
# 请不要更改此行以下的代码
welcome_to_circle_cat()"
224,2,"param = int(input())

def print_num(input_num):
    if (input_num == 10):
        print(input_num)
    else:
        
print_num(param)","param = int(input())

def print_num(input_num):
    if (input_num == 10):
        print(input_num)

print_num(param)"
225,2,"num_animals=int(input())
if num_animals>=30
   forest_size=3:
else:
    forest_size=1
print(forest_size)","num_animals = int(input()) 

if num_animals >= 30:
    forest_size = 3
else:
    forest_size = 1

print(forest_size)"
226,2,"for i in range(1,8):
    if(i == 4):
        continue
      print(i)
    # 在此处补全代码","for i in range(1,8):
    if (i == 4):
        continue
    print(i)"
227,2,"param = input()

# 在此处补全代码
print(param[5]})","param = input()

print(param[4])"
228,2,"
film_rate=int(input(''))
if film_rate > 7：
   print('好看')
else:
   print('不好看')","film_rate = int(input())

if film_rate > 7:
    print('好看')
else:
    print('不好看')"
229,2,"for i in range(1,8):
    # 在此处补全代码
    if i == 4:
    continue
    print(i)","for i in range(1,8):
    if (i == 4):
        continue
    print(i)"
230,2,"print(""00000"")
print(""0 0 0"")
print(""000000)","print(""00000"")
print(""0 0 0"")
print(""00000"")"
231,2,"param = int(input())

# 在此处编写代码
def(count_ones(param)):
    count = 0
    for i in str(param):
        if i == ""1"":
            count += 1
    return count

print(count_ones(param))","param = int(input())

def count_ones(param):
    count = 0
    for i in str(param):
        if i == ""1"":
            count += 1
    return count
    
print(count_ones(param))"
232,2,"print('I can')
print('swim.')
my_age = '10'
print('my age:' my_age)","print('I can')
print('swim.')
my_age = 10
print('my age:', my_age)"
233,2,"time=int(input())
if 8<time<22:
    print('醒着')
else：
    print('睡觉了')","time = int(input())
if 8 < time < 22:
    print('醒着')
else:
    print('睡觉了')"
234,2,"for i in range(0, 10):
    print(i)
    if (i> 4):
    break","for i in range(0, 10):
    print(i)
    if (i == 5):
        break"
235,2,"num_animals = int(input())
if num_animals > = 30:
    forest_size = 3
else:
    forest_size = 1
print(forest_size)","num_animals = int(input()) 

if num_animals >= 30:
    forest_size = 3
else:
    forest_size = 1

print(forest_size)"
236,2,"param = int(input())

def print_num(input_num):
    if (input_num = 10):
        print(input_num)

print_num(input_num)","param = int(input())

def print_num(input_num):
    if (input_num == 10):
        print(input_num)

print_num(param)"
237,2,"for i in range(1,8):
   if(i==4):
       continue
    print(i)","for i in range(1,8):
    if (i == 4):
        continue
    print(i)"
238,2,"i = int(input())

def is_leap_year(year):
    # 在这里补全代码
    if (year % 4 == 0 and year % 100 !=0) or (year % 400 == 0) :
    return ""是闰年""
    else:
    return ""不是闰年""

print(is_leap_year(i))","i = int(input())

def is_leap_year(year):
    if ((year % 4 == 0 and year % 100 != 0) or year % 400 == 0):
        return ""是闰年""
    else:
        return ""不是闰年""

print(is_leap_year(i))"
239,2,"param = input()
for i in ""param""
print(i)","param = input()

for i in param:
    print(i)"
240,2,"print(/""生日快乐!/"")","print(""生日快乐！"")"
241,2,"input_int = int(input())
# 请不要更改此行以上的代码

def fibonacci(num):
   if num == 0:
      return 1
   elif num == 1:
      return 1
   else:
      return num = fibonacci(num - 2) + fibonacci(num - 1)

# 请不要更改此行以下的代码
print(fibonacci(input_int))","input_int = int(input())
# 请不要更改此行以上的代码

def fibonacci(num):
   if num == 0:
      return 1
   elif num == 1:
      return 1
   else:
      return fibonacci(num-2) + fibonacci(num-1)

# 请不要更改此行以下的代码
print(fibonacci(input_int))"
242,2,"print(""00000"")
print({""0_0_0"")
print(""00000"")","print(""00000"")
print(""0 0 0"")
print(""00000"")"
243,2,"print(""00000"")
print({""000"")
print(""00000"")","print(""00000"")
print(""0 0 0"")
print(""00000"")"
244,2,"param = int(input())

def convert_num(input_num):
    if (input_num >= 10):
        
        input_num = input_num - 10
     print(input_num)   

convert_num(param)","param = int(input())

def convert_num(input_num):
    if (input_num >= 10):
        input_num = input_num - 10
    print(input_num)

convert_num(param)"
245,2,"print('I can')
print('swim.')
my_age=10
print('my_age:'' 'my_age)","print('I can')
print('swim.')
my_age = 10
print('my age:', my_age)"
246,2,"for i in range(1,8):
   if (i == 4):
        continue
    print(i)","for i in range(1,8):
    if (i == 4):
        continue
    print(i)"
247,2,"film_rate = int(input()) 
if film_rate > 7:
    print('好看')
else：
    print('不好看')","film_rate = int(input())

if film_rate > 7:
    print('好看')
else:
    print('不好看')"
248,2,"param = input()
print param[4]
# 在此处补全代码","param = input()

print(param[4])"
249,2,"input_int = int(input())
# 请不要更改此行以上的代码

def days_left_to_sunday(day):
    if day < 7:
        print(""还有"" + str(7 - day) + ""天到周日"")
        #在这里添加一行代码
        def days_left_to_sunday(day - 1)
    else:
        print(""到周日了!"")

# 请不要更改此行以下的代码
days_left_to_sunday(input_int)","input_int = int(input())
# 请不要更改此行以上的代码

def days_left_to_sunday(day):
    if day < 7:
        print(""还有"" + str(7 - day) + ""天到周日"")
        days_left_to_sunday(day + 1)
    else:
        print(""到周日了!"")

# 请不要更改此行以下的代码
days_left_to_sunday(input_int)"
250,2,"x = int(input())
y = int(input())
def increment_by_three(x,y):
while x<y:
print(x)
x+=3
increment_by_three(x, y)","x = int(input())
y = int(input())

def increment_by_three(x, y):
    while(x < y):
        print(x)
        x += 3

increment_by_three(x, y)"
251,2,"user_age=int(input())
if user_age==18:
    num_candles=18
else:
    num_candles=3
print num_candles","user_age = int(input())
if user_age == 18:  
    num_candles = 18
else:
    num_candles = 3
print(num_candles)"
252,2,"print(\""生日快乐！\"")","print(""生日快乐！"")"
253,2,"param = int(input())

def convert_num(input_num):
    if (input_num >= 10):
        input_num = input_num - 10
    else:
    print(input_num)
        
convert_num(param)","param = int(input())

def convert_num(input_num):
    if (input_num >= 10):
        input_num = input_num - 10
    print(input_num)

convert_num(param)"
254,2,"age = int((input())

print('my age is' + str(age))","age = int(input())

print(""my age is "" + str(age))"
255,2,"# 在这里编写代码
def welcome_to_cirlcle_cat():
print(""Welcome to circle cat!"")
welcome_to_cirlcle_cat():
welcome_to_cirlcle_cat():
# 请不要更改此行以下的代码
welcome_to_cirlcle_cat()","def welcome_to_cirlcle_cat():
    print(""Welcome to circle cat!"")

welcome_to_cirlcle_cat()
welcome_to_cirlcle_cat()
# 请不要更改此行以下的代码
welcome_to_cirlcle_cat()"
256,2,"user_age = int(input())
if user_age == 18
    num_candles = 18
else:
    num_candles = 13
print(num_candles)","user_age = int(input())
if user_age == 18:  
    num_candles = 18
else:
    num_candles = 3
print(num_candles)"
257,2,"param = int(input())

def print_num(input_num):
    if (input_num = 10):
        print(param)

print_num(param)","param = int(input())

def print_num(input_num):
    if (input_num == 10):
        print(input_num)

print_num(param)"
258,2,"for i in range(0, 10):
    print(i)
    if(i>5)
    break","for i in range(0, 10):
    print(i)
    if (i == 5):
        break"
259,2,"param = int(input())

def convert_num(input_num):
    if (input_num >= 10):
        input_num = input_num - 10
        print input_num
convert_num(param)","param = int(input())

def convert_num(input_num):
    if (input_num >= 10):
        input_num = input_num - 10
    print(input_num)

convert_num(param)"
260,2,"
user_age = int(input)

if user_age == 18:
    num_candles = 18
    else:
        num_candles = 3
print(num_candles)","user_age = int(input())
if user_age == 18:  
    num_candles = 18
else:
    num_candles = 3
print(num_candles)"
261,2,"param = input()
for i in 'input()'
    print (i)
# 在此处补全答案","param = input()

for i in param:
    print(i)"
262,2,"user_age=int(input())
 if user_age == 18
    num_candles=18
 else num_candles=3
print(num_candles)","user_age = int(input())
if user_age == 18:  
    num_candles = 18
else:
    num_candles = 3
print(num_candles)"
263,2,"for i in range(0, 10):
    print(i)
    if i==5:
    break","for i in range(0, 10):
    print(i)
    if (i == 5):
        break"
264,2,"def welcome_to_cirlcle_cat()
print(""welcome_to_circle_cat!"")

welcome_to_cirlcle_cat()
welcome_to_cirlcle_cat()
welcome_to_cirlcle_cat()","def welcome_to_cirlcle_cat():
    print(""Welcome to circle cat!"")

welcome_to_cirlcle_cat()
welcome_to_cirlcle_cat()
# 请不要更改此行以下的代码
welcome_to_cirlcle_cat()"
265,2,"# 在这里编写代码
def welcome_to_cirlcle_cat():
    print(""Welcome to circle cat!"")
welcome_to_cirlcle_cat():
welcome_to_cirlcle_cat():

# 请不要更改此行以下的代码
welcome_to_cirlcle_cat()","def welcome_to_cirlcle_cat():
    print(""Welcome to circle cat!"")

welcome_to_cirlcle_cat()
welcome_to_cirlcle_cat()
# 请不要更改此行以下的代码
welcome_to_cirlcle_cat()"
266,2,"user_age = int(input())
    if(user_age == 18):
        num_candles=18
    else:
        num_candles=3
    print(num_candles)","user_age = int(input())
if user_age == 18:  
    num_candles = 18
else:
    num_candles = 3
print(num_candles)"
267,2,"num_spiders = int(input())
num_cats = int(input())
#在这里补全代码
if num_spiders > 10:
    num_cats > num_spiders
    print(""猫会吃掉蜘蛛"")
else:
    print(""猫吃不完蜘蛛"")
else:
    print('蜘蛛很少')","num_spiders = int(input())
num_cats = int(input())
if num_spiders > 10:
    if num_cats > num_spiders:
        print(""猫会吃掉蜘蛛"")
    else:
        print(""猫吃不完蜘蛛"")
else:
    print('蜘蛛很少')"
268,2,"num_animals=int(input())
if num_animals>=30:
    forest_size=3
else:
    forest_size=1
print forest_size","num_animals = int(input()) 

if num_animals >= 30:
    forest_size = 3
else:
    forest_size = 1

print(forest_size)"
269,2,"param = int(input())

def print_num(input_num):
    if (input_num == 10):
        print(input_num)
    else:

print_num(param)","param = int(input())

def print_num(input_num):
    if (input_num == 10):
        print(input_num)

print_num(param)"
270,2,"print('I can ')
print('swim.')
my_age = 10
print('my age:'my_age)","print('I can')
print('swim.')
my_age = 10
print('my age:', my_age)"
271,2,"param = input()
print len(param)
# 在此处补全代码","param = input()

print(len(param))"
272,2,"# 在这里补全代码
def num_students
    num_students=100
print(num_students)","num_students = 100

print(num_students)"
273,2,"time=int(input())
if 8<time<22
   print('醒着')
else
   print('睡觉了')","time = int(input())
if 8 < time < 22:
    print('醒着')
else:
    print('睡觉了')"
274,2,"num_spiders = int(input())
num_cats = int(input())
#在这里补全代码
if num_spiders > 10:
if num_cats > num_spiders:
    print(""猫会吃掉蜘蛛"")
else:
    print(""猫吃不完蜘蛛"")
    print('蜘蛛很少')","num_spiders = int(input())
num_cats = int(input())
if num_spiders > 10:
    if num_cats > num_spiders:
        print(""猫会吃掉蜘蛛"")
    else:
        print(""猫吃不完蜘蛛"")
else:
    print('蜘蛛很少')"
275,2,"print('I can')
print('swim')
my_age = 10
print('my age:' my_age)","print('I can')
print('swim.')
my_age = 10
print('my age:', my_age)"
276,2,"for i in range(1,8):
    if(i == 4):
        continue
      print(i)","for i in range(1,8):
    if (i == 4):
        continue
    print(i)"
277,2,"print(\""I am Python!\"")","print(""I am Python!"")"
278,2,"user_age = int(input())
if user_age == 18
num_candles = 18
else
num_candles = 3
print(num_candles)","user_age = int(input())
if user_age == 18:  
    num_candles = 18
else:
    num_candles = 3
print(num_candles)"
279,2,"user_age = int(input())
if user_age == 18
    num_candles = 18
else
    num_candles = 3
print(num_candles)","user_age = int(input())
if user_age == 18:  
    num_candles = 18
else:
    num_candles = 3
print(num_candles)"
280,2,"num_animals=int(input(''))
if num_animals>=30:
    forest_size=3
else:
    forest_size=1
print(,forest_size)","num_animals = int(input()) 

if num_animals >= 30:
    forest_size = 3
else:
    forest_size = 1

print(forest_size)"
281,2,"param = int(input())

def print_num(input_num):
    if input_num == 10:
    print(input_num)

print_num(param)","param = int(input())

def print_num(input_num):
    if (input_num == 10):
        print(input_num)

print_num(param)"
282,2,"for i in range(0, 10):
    print(i)
    # 在这里补全代码
    if i==5:
    break","for i in range(0, 10):
    print(i)
    if (i == 5):
        break"
283,2,"num_spiders = int(input())
num_cats = int(input())
if num_spiders > 10:
   num_cats > num_spiders
print(""猫会吃掉蜘蛛"")
    else:
        print(""猫吃不完蜘蛛"")
else:
    print('蜘蛛很少')","num_spiders = int(input())
num_cats = int(input())
if num_spiders > 10:
    if num_cats > num_spiders:
        print(""猫会吃掉蜘蛛"")
    else:
        print(""猫吃不完蜘蛛"")
else:
    print('蜘蛛很少')"
284,2,"# 在这里编写代码
def welcome_to_cirlcle_cat():
print(""Welcome to circle cat!"")

welcome_to_cirlcle_cat():

welcome_to_cirlcle_cat():
# 请不要更改此行以下的代码
welcome_to_cirlcle_cat()","def welcome_to_cirlcle_cat():
    print(""Welcome to circle cat!"")

welcome_to_cirlcle_cat()
welcome_to_cirlcle_cat()
# 请不要更改此行以下的代码
welcome_to_cirlcle_cat()"
285,2,"print(/""生日快乐！/"")","print(""生日快乐！"")"
286,2,"user_age=int(input())

if (user_age==18)
    num_candles=18
else:
    num_candles=3
    
print(num_candles)","user_age = int(input())
if user_age == 18:  
    num_candles = 18
else:
    num_candles = 3
print(num_candles)"
287,2,"num_students=int(input())
if num_students<50:
    print('没到齐')
else：
    print('到齐了')","num_students = int(input())  

if num_students < 50:
    print('没到齐')
else:
    print('到齐了')"
288,2,"film_rate=int(input())
if film_rate>7:
print(""好看"")
else:
print(""不好看"")","film_rate = int(input())

if film_rate > 7:
    print('好看')
else:
    print('不好看')"
289,2,"param = int(input())
def count_ones(param):
    count = 0
    for i in str(param):
        if i = '1':
            count += 1
    return count
        
# 在此处编写代码

print(count_ones(param))","param = int(input())

def count_ones(param):
    count = 0
    for i in str(param):
        if i == ""1"":
            count += 1
    return count
    
print(count_ones(param))"
290,2,"param = int(input())

def print_num(input_num):
    if (input_num = 10):
        print(10)

print_num(param)","param = int(input())

def print_num(input_num):
    if (input_num == 10):
        print(input_num)

print_num(param)"
291,2,"input_dict = input()
input_dict = eval(input_dict)
# 请不要更改此行以上的代码

user_info={}

def log_user(user_name):
    if user_name in user_info:
        user_info[user_name]+=1
    else:
        user_info[user_name]=1
def print_user_log(user_name):
    if user_name in user_info:
        print (user_info[user_name])
    else:
        print 0
    

# 请不要更改此行以下的代码
for i in input_dict['log']:
    log_user(i)
for i in input_dict['print']:
    print_user_log(i)","input_dict = input()
input_dict = eval(input_dict)
# 请不要更改此行以上的代码

user_info = {}
def log_user(user_name):
    if user_name in user_info:
        user_info[user_name] += 1
    else:
        user_info[user_name] = 1
        
def print_user_log(user_name):
    if user_name in user_info:
        print(user_info[user_name])
    else:
        print(0)

# 请不要更改此行以下的代码
for i in input_dict['log']:
    log_user(i)
for i in input_dict['print']:
    print_user_log(i)"
292,2,"print(\""生日快乐!\"")","print(""生日快乐！"")"
293,2,"print('I can')
print('swim.')
my_age = 10
print('my_age:' my_age)","print('I can')
print('swim.')
my_age = 10
print('my age:', my_age)"
294,2,"print (""       你好\n再见\n""）","print(""       你好\n再见"")"
295,2,"film_rate=int(input())
if film_rate>7:
    print('好看')
else：
    print('不好看')","film_rate = int(input())

if film_rate > 7:
    print('好看')
else:
    print('不好看')"
296,2,"num_spiders = int(input())
num_cats = int(input())
#在这里补全代码
if num_spiders > 10 and num_cats > num_spiders:
    print(""猫会吃掉蜘蛛"")
else:
    print(""猫吃不完蜘蛛"")
else:
    print('蜘蛛很少')","num_spiders = int(input())
num_cats = int(input())
if num_spiders > 10:
    if num_cats > num_spiders:
        print(""猫会吃掉蜘蛛"")
    else:
        print(""猫吃不完蜘蛛"")
else:
    print('蜘蛛很少')"
297,2,print('生日快乐\!\',"print(""生日快乐！"")"
298,2,"num_spiders = int(input())
num_cats = int(input())
if num_spiders > 10:
   num_cats > num_spiders
print(""猫会吃掉蜘蛛"")
else:
    print(""猫吃不完蜘蛛"")
else:
print('蜘蛛很少')","num_spiders = int(input())
num_cats = int(input())
if num_spiders > 10:
    if num_cats > num_spiders:
        print(""猫会吃掉蜘蛛"")
    else:
        print(""猫吃不完蜘蛛"")
else:
    print('蜘蛛很少')"
299,2,"print('I can')
print(""swim."")
my_age = 10
print('my age:' my_age)","print('I can')
print('swim.')
my_age = 10
print('my age:', my_age)"
300,2,"print (""\\\\\\\你好\n再见\n""）","print(""       你好\n再见"")"
301,2,"input_dict = input()
input_dict = eval(input_dict)
# 请不要更改此行以上的代码

# 在这里编写代码
user_info={}
def add_user(user_name,pass_word):
    user_info[user_name]=pass_word
def verify_user(user_name,pass_word):
    if user_name in user_info:
        if user_info[user_name]==pass_word:
            return True
         return False
    
       
# 请不要更改此行以下的代码
for i in input_dict['add']:
    add_user(i[0], i[1])
for i in input_dict['verify']:
    print(verify_user(i[0], i[1]))","input_dict = input()
input_dict = eval(input_dict)
# 请不要更改此行以上的代码

user_info = {}

def add_user(user_name, pass_word):
    user_info[user_name] = pass_word

def verify_user(user_name, pass_word):
    if user_name in user_info:
        if user_info[user_name] == pass_word:
            return True
    return False

# 请不要更改此行以下的代码
for i in input_dict['add']:
    add_user(i[0], i[1])
for i in input_dict['verify']:
    print(verify_user(i[0], i[1]))"
302,2,"param = int(input())

def print_num(param):
    if (input_num = 10):
        print(input_num)

print_num(param)","param = int(input())

def print_num(input_num):
    if (input_num == 10):
        print(input_num)

print_num(param)"
303,2,"param = input()

print len(param)","param = input()

print(len(param))"
304,2,"def user_age:
    int(input())
if user_age == 18:
    num_candles = 18
else:
    num_candles = 3
print(num_candles)","user_age = int(input())
if user_age == 18:  
    num_candles = 18
else:
    num_candles = 3
print(num_candles)"
305,2,"num_spiders = int(input())
num_cats = int(input())
if num_spiders > 10:
   num_cats > num_spiders
    print(""猫会吃掉蜘蛛"")
    else:
        print(""猫吃不完蜘蛛"")
else:
    print('蜘蛛很少')","num_spiders = int(input())
num_cats = int(input())
if num_spiders > 10:
    if num_cats > num_spiders:
        print(""猫会吃掉蜘蛛"")
    else:
        print(""猫吃不完蜘蛛"")
else:
    print('蜘蛛很少')"
306,2,"num_spiders = int(input())
num_cats = int(input())
#在这里补全代码
if num_spiders > 10 and num_cats > num_spiders:
    print(""猫会吃掉蜘蛛"")
else:
    print(""猫吃不完蜘蛛"")
    else:
        print('蜘蛛很少')","num_spiders = int(input())
num_cats = int(input())
if num_spiders > 10:
    if num_cats > num_spiders:
        print(""猫会吃掉蜘蛛"")
    else:
        print(""猫吃不完蜘蛛"")
else:
    print('蜘蛛很少')"
307,2,"input_int = int(input())
# 请不要更改此行以上的代码

def power_of_two(num):
    if num == 0# 在此补充:
        return 1# 在此补充
    else:
        return num*power_of_two(num-1)# 在此补充

# 请不要更改此行以下的代码
print(power_of_two(input_int))","input_int = int(input())
# 请不要更改此行以上的代码

def power_of_two(num):
    if num == 0:
        return 1
    else:
        return 2 * power_of_two(num - 1)

# 请不要更改此行以下的代码
print(power_of_two(input_int))"
308,2,print('       你好\n再见',"print(""       你好\n再见"")"
309,2,"print('I can')
print('swim.')
my_age = 10
print('my age:'+' 'my_age)","print('I can')
print('swim.')
my_age = 10
print('my age:', my_age)"
310,2,"user_age=int(input)
if user_age==18:
num_candles=18
else:
    num_candles=3
    print(num_candles)","user_age = int(input())
if user_age == 18:  
    num_candles = 18
else:
    num_candles = 3
print(num_candles)"
311,2,"user_age = int(input())
if user_age == 18:
    num_candles == 18
    else:
        num_candles == 3
print(num_candles)","user_age = int(input())
if user_age == 18:  
    num_candles = 18
else:
    num_candles = 3
print(num_candles)"
312,2,"input_dict = input()
input_dict = eval(input_dict)
# 请不要更改此行以上的代码

# 在这里编写代码
user_info = {}

def add_user(user_name, pass_word):
    user_info[user_name] = pass_word
    
def verify_user(user_name, pass_word):
    if user_name in user_info:
        if user_info[user_name] == pass_word:
        return True
    else:
        return False
# 请不要更改此行以下的代码
for i in input_dict['add']:
    add_user(i[0], i[1])
for i in input_dict['verify']:
    print(verify_user(i[0], i[1]))","input_dict = input()
input_dict = eval(input_dict)
# 请不要更改此行以上的代码

user_info = {}

def add_user(user_name, pass_word):
    user_info[user_name] = pass_word

def verify_user(user_name, pass_word):
    if user_name in user_info:
        if user_info[user_name] == pass_word:
            return True
    return False

# 请不要更改此行以下的代码
for i in input_dict['add']:
    add_user(i[0], i[1])
for i in input_dict['verify']:
    print(verify_user(i[0], i[1]))"
313,2,"for i in range(1,8):
    if(i!=4):
    # 在此处补全代码
    print(i)","for i in range(1,8):
    if (i == 4):
        continue
    print(i)"
314,2,"my_list = [10, 75, 94]
my_guess=int(input())
if my_guess in my_list:
    print('猜对了')
else：
    print('猜错了')","my_list = [10, 75, 94]
my_guess = int(input())

if  my_guess in my_list:
    print('猜对了')
else:
    print('猜错了')"
315,2,"print(""I am Java""","print(""I am Python!"")"
316,2,"print(""       你好\n再见\n"")；","print(""       你好\n再见"")"
317,2,"param = int(input())

def print_num(input_num):
    if (input_num == 10):
        print input_num

print_num(param)","param = int(input())

def print_num(input_num):
    if (input_num == 10):
        print(input_num)

print_num(param)"
318,2,"def user_age = int(input()):
if user_age == 18:
    num_candles = 18
else:
    num_candles = 3
print(num_candles)","user_age = int(input())
if user_age == 18:  
    num_candles = 18
else:
    num_candles = 3
print(num_candles)"
319,2,"param = input()
for i in ""param""
    print (i)
# 在此处补全答案","param = input()

for i in param:
    print(i)"
320,2,"time=int(input())
if
   8<time<22:
   print(""醒着"")
else:
    print(""睡觉了"")","time = int(input())
if 8 < time < 22:
    print('醒着')
else:
    print('睡觉了')"
321,2,"user_age=int(input())
    if(user_age==18):
        num_candles=18
    else:
        num_candles=3
print(num_candles)","user_age = int(input())
if user_age == 18:  
    num_candles = 18
else:
    num_candles = 3
print(num_candles)"
322,2,"for i in range(0, 10):
    print(i)
    if i == 5:
    break","for i in range(0, 10):
    print(i)
    if (i == 5):
        break"
323,2,"print(\""生日快乐!"")","print(""生日快乐！"")"
324,2,"
film_rate=int(input(''))
if film_rate>7：
   print('好看')
else:
   print('不好看')","film_rate = int(input())

if film_rate > 7:
    print('好看')
else:
    print('不好看')"
325,2,"x = int(input())
y = int(input())
def increment_by_three(x, y):
while x<y:
print(x)
x+=3

increment_by_three(x, y)","x = int(input())
y = int(input())

def increment_by_three(x, y):
    while(x < y):
        print(x)
        x += 3

increment_by_three(x, y)"
326,2,"print(""I can"")
print('swim.')
my_age = 10
print('my age:' my_age)","print('I can')
print('swim.')
my_age = 10
print('my age:', my_age)"
327,2,"print(\""I am Python\"")","print(""I am Python!"")"
328,2,print(\'生日快乐！\'),"print(""生日快乐！"")"
329,2,"print(""你好 "")；
print(""我在吃饭"")","print(""你好"")
print(""我在吃饭"")"
330,2,"param = int(input())

def print_num():
    if (input_num = 10):
        print(input_num)

print_num(param)","param = int(input())

def print_num(input_num):
    if (input_num == 10):
        print(input_num)

print_num(param)"
331,2,"user_age=int(input())
if(user_age==18)
    num_candles=18
else:
    num_candles=3
print(num_candles)","user_age = int(input())
if user_age == 18:  
    num_candles = 18
else:
    num_candles = 3
print(num_candles)"
332,2,"
film_rate=int(input(''))
if film_rate>7：
   print('好看')
else:
    print('不好看')","film_rate = int(input())

if film_rate > 7:
    print('好看')
else:
    print('不好看')"
333,2,"my_list = [10, 75, 94]
my_guess = int(input())
 if my_guess in my_list:
    print(""猜对了"")
 else:
     print(""猜错了"")","my_list = [10, 75, 94]
my_guess = int(input())

if  my_guess in my_list:
    print('猜对了')
else:
    print('猜错了')"
334,2,"# 在这里编写代码
def welcome_to_cirlcle_cat():
    print ""Welcome to circle cat!""

# 请不要更改此行以下的代码
welcome_to_cirlcle_cat()

welcome_to_cirlcle_cat()
welcome_to_cirlcle_cat()","def welcome_to_cirlcle_cat():
    print(""Welcome to circle cat!"")

welcome_to_cirlcle_cat()
welcome_to_cirlcle_cat()
# 请不要更改此行以下的代码
welcome_to_cirlcle_cat()"
335,2,"print(""你好"");
print(""我在吃饭"")；","print(""你好"")
print(""我在吃饭"")"
336,2,"param = input()

for i in param:
    print i
# 在此处补全答案","param = input()

for i in param:
    print(i)"
337,2,"param = int(input())

def convert_num(input_num):
    if (input_num >= 10):
        input_num = input_num - 10
    print input_num

convert_num(param)","param = int(input())

def convert_num(input_num):
    if (input_num >= 10):
        input_num = input_num - 10
    print(input_num)

convert_num(param)"
338,2,"param = input()
for i in param；
    print(i)
# 在此处补全答案","param = input()

for i in param:
    print(i)"
339,2,"def welcome_to_cirlcle_cat()
 print(""Welcome to cirlcle cat!"")
welcome_to_cirlcle_cat()
welcome_to_cirlcle_cat()

welcome_to_cirlcle_cat()","def welcome_to_cirlcle_cat():
    print(""Welcome to circle cat!"")

welcome_to_cirlcle_cat()
welcome_to_cirlcle_cat()
# 请不要更改此行以下的代码
welcome_to_cirlcle_cat()"
340,2,"input_int = int(input())
# 请不要更改此行以上的代码

def power_of_two(num):
    if num == 1
        return 1
    else:
        return 2 * power_of_two(num-1)
# 请不要更改此行以下的代码
print(power_of_two(input_int))","input_int = int(input())
# 请不要更改此行以上的代码

def power_of_two(num):
    if num == 0:
        return 1
    else:
        return 2 * power_of_two(num - 1)

# 请不要更改此行以下的代码
print(power_of_two(input_int))"
341,2,"input_dict = input()
input_dict = eval(input_dict)
# 请不要更改此行以上的代码

# 在这里编写代码
    user_info = {}

def add_user(user_name, pass_word):
    user_info[user_name] = pass_word
    
def verify_user(user_name, pass_word):
    if user_name in user_info:
        if user_info[user_name] == pass_word:
        return True
    else:
        return False
# 请不要更改此行以下的代码
for i in input_dict['add']:
    add_user(i[0], i[1])
for i in input_dict['verify']:
    print(verify_user(i[0], i[1]))","input_dict = input()
input_dict = eval(input_dict)
# 请不要更改此行以上的代码

user_info = {}

def add_user(user_name, pass_word):
    user_info[user_name] = pass_word

def verify_user(user_name, pass_word):
    if user_name in user_info:
        if user_info[user_name] == pass_word:
            return True
    return False

# 请不要更改此行以下的代码
for i in input_dict['add']:
    add_user(i[0], i[1])
for i in input_dict['verify']:
    print(verify_user(i[0], i[1]))"
342,2,"
film_rate=int(input(''))
if film_rate >7：
   print('好看')
else:
   print('不好看')","film_rate = int(input())

if film_rate > 7:
    print('好看')
else:
    print('不好看')"
343,2,"# 在这里编写代码
def welcome_to_circle_cat():
    print ""Welcome to circle cat!""
welcome_to_circle_cat()
welcome_to_circle_cat()
# 请不要更改此行以下的代码
welcome_to_circle_cat()","def welcome_to_circle_cat():
    print(""Welcome to circle cat!"")

welcome_to_circle_cat()
welcome_to_circle_cat()
# 请不要更改此行以下的代码
welcome_to_circle_cat()"
344,2,"# 在这里编写代码
def welcome_to_cirlcle_cat():
    print(""Welcome to circle cat!"")
welcome_to_cirlcle_cat():
welcome_to_cirlcle_cat():
# 请不要更改此行以下的代码
welcome_to_cirlcle_cat()","def welcome_to_cirlcle_cat():
    print(""Welcome to circle cat!"")

welcome_to_cirlcle_cat()
welcome_to_cirlcle_cat()
# 请不要更改此行以下的代码
welcome_to_cirlcle_cat()"
345,2,"user_age=int(input())
    if (user_age == 18):
        num_candles = 18
    else:
        num_candles = 3 

print(num_candles)","user_age = int(input())
if user_age == 18:  
    num_candles = 18
else:
    num_candles = 3
print(num_candles)"
346,2,"param = input()
for i in 'param'
    print (i)
# 在此处补全答案","param = input()

for i in param:
    print(i)"
347,2,"print('i can')
print('swim.')
my_age=10
print('my age:'my_age)","print('I can')
print('swim.')
my_age = 10
print('my age:', my_age)"
348,2,"for i in range(1,8):
    if(i!=4):
    # 在此处补全代码
print(i)","for i in range(1,8):
    if (i == 4):
        continue
    print(i)"
349,2,"num_spiders = int(input())
num_cats = int(input())
if num_spiders > 10:
   num_cats > num_spiders
print(""猫会吃掉蜘蛛"")
else:
print(""猫吃不完蜘蛛"")
else:
print('蜘蛛很少')","num_spiders = int(input())
num_cats = int(input())
if num_spiders > 10:
    if num_cats > num_spiders:
        print(""猫会吃掉蜘蛛"")
    else:
        print(""猫吃不完蜘蛛"")
else:
    print('蜘蛛很少')"
350,2,"for i in range(0, 10):
    print(i)
    # 在这里补全代码
    if(i>5)：
    break","for i in range(0, 10):
    print(i)
    if (i == 5):
        break"
351,2,"for i in range(1,8):
    # 在此处补全代码
  
    if(i == 4):
        continue
      print(i)","for i in range(1,8):
    if (i == 4):
        continue
    print(i)"
352,2,"input_dict = input()
input_dict = eval(input_dict)
# 请不要更改此行以上的代码
user_info={}

def log_user(user_name):
    if user_name in user_info:
        user_info[user_name]+=1
    else:
        user_info[user_name]=1
    
def print_user_log(user_name):
    if user_name in user_info:
        print(user_info[user_name])
    else:
        print 0
# 请不要更改此行以下的代码
for i in input_dict['log']:
    log_user(i)
for i in input_dict['print']:
    print_user_log(i)","input_dict = input()
input_dict = eval(input_dict)
# 请不要更改此行以上的代码

user_info = {}
def log_user(user_name):
    if user_name in user_info:
        user_info[user_name] += 1
    else:
        user_info[user_name] = 1
        
def print_user_log(user_name):
    if user_name in user_info:
        print(user_info[user_name])
    else:
        print(0)

# 请不要更改此行以下的代码
for i in input_dict['log']:
    log_user(i)
for i in input_dict['print']:
    print_user_log(i)"
353,2,"param = int(input())

def convert_num(input_num):
    if (input_num >= 10):
        input_num = input_num - 10
    print input_num
convert_num(param)","param = int(input())

def convert_num(input_num):
    if (input_num >= 10):
        input_num = input_num - 10
    print(input_num)

convert_num(param)"
354,2,"# 在这里补全代码
def num_students
num_students=100
print(num_students)","num_students = 100

print(num_students)"
355,3,"print(""I can"")
print(""swim."")
my_age = 10
print('my age:' my_age)","print('I can')
print('swim.')
my_age = 10
print('my age:', my_age)"
356,3,"print(""I can"")
print(""swim"")
""my_age"" = 10
print('my age:' ,my_age)","print('I can')
print('swim.')
my_age = 10
print('my age:', my_age)"
357,3,"param = int(input())
def print_num(input_num):
    if (input_num == 10):
        print(input_num)
    else：
    print(print_num)","param = int(input())

def print_num(input_num):
    if (input_num == 10):
        print(input_num)

print_num(param)"
358,3,"for i in range(1,8):
    while(i!=4):
    print(i)","for i in range(1,8):
    if (i == 4):
        continue
    print(i)"
359,3,"test_param = input()
# 请不要更改此行以上的代码

score_dict={'john':90,'jane':100,'jame':0}
status_dict={'john':'active','jane':'active','jame':'inactive'

# 请不要更改此行以下的代码
print(score_dict[test_param])
print(status_dict[test_param])","test_param = input()
# 请不要更改此行以上的代码

score_dict = {'john':90, 'jane':100, 'james':0}
status_dict = {'john':'active', 'jane':'active', 'james':'inactive'}

# 请不要更改此行以下的代码
print(score_dict[test_param])
print(status_dict[test_param])"
360,3,"num_spiders = int(input())
num_cats = int(input())
if num_spiders > 10 and num_cats > num_spiders:
    print(""猫会吃掉蜘蛛"")
    else: 
        print(""猫吃不完蜘蛛"")
else:
    print(""蜘蛛很少"")","num_spiders = int(input())
num_cats = int(input())
if num_spiders > 10:
    if num_cats > num_spiders:
        print(""猫会吃掉蜘蛛"")
    else:
        print(""猫吃不完蜘蛛"")
else:
    print('蜘蛛很少')"
361,3,"print('你好\n我在吃饭'）
print()","print(""你好"")
print(""我在吃饭"")"
362,3,"cat_age=int(input())
if 1 <= cat_age <= 10:
    print('可以上飞机')
else 
    print('不能上飞机')","cat_age = int(input())

if  (1 <= cat_age <= 10):
    print('可以上飞机')
else:
    print('不能上飞机')"
363,3,"param = int(input())

def print_num(input_num):
    if (input_num = 10):
        print(input_num)
    else:

print_num(param)","param = int(input())

def print_num(input_num):
    if (input_num == 10):
        print(input_num)

print_num(param)"
364,3,"def welcome_to_circle_cat():
print(""Welcome to circle cat!"")

# 请不要更改此行以下的代码
welcome_to_circle_cat()
welcome_to_circle_cat()","def welcome_to_circle_cat():
    print(""Welcome to circle cat!"")

welcome_to_circle_cat()
welcome_to_circle_cat()
# 请不要更改此行以下的代码
welcome_to_circle_cat()"
365,3,"def welcome_to_cirlcle_cat()：
    print(""Welcome to circle cat!"")
welcome_to_cirlcle_cat()
    print(""Welcome to circle cat!"")
# 请不要更改此行以下的代码
welcome_to_cirlcle_cat()","def welcome_to_cirlcle_cat():
    print(""Welcome to circle cat!"")

welcome_to_cirlcle_cat()
welcome_to_cirlcle_cat()
# 请不要更改此行以下的代码
welcome_to_cirlcle_cat()"
366,3,"def welcome_to_circle_cat():
print (""Welcome to circle cat!"")
welcome_to_circle_cat()

# 请不要更改此行以下的代码
welcome_to_circle_cat()","def welcome_to_circle_cat():
    print(""Welcome to circle cat!"")

welcome_to_circle_cat()
welcome_to_circle_cat()
# 请不要更改此行以下的代码
welcome_to_circle_cat()"
367,3,print('生日快乐！),"print(""生日快乐！"")"
368,3,"def welcome_to_circle_cat():
print(""Welcome to circle cat!"")# 在这里编写代码

# 请不要更改此行以下的代码
welcome_to_circle_cat()
welcome_to_circle_cat()","def welcome_to_circle_cat():
    print(""Welcome to circle cat!"")

welcome_to_circle_cat()
welcome_to_circle_cat()
# 请不要更改此行以下的代码
welcome_to_circle_cat()"
369,3,"print('I can')
print('swim')
my_age = 22
print('my age:' my_age)","print('I can')
print('swim.')
my_age = 10
print('my age:', my_age)"
370,3,"num_spiders = int(input())
num_cats = int(input())
if num_spiders > 10:
   num_cats > num_spiders
print(""猫会吃掉蜘蛛"")
elif:
    print(""猫吃不完蜘蛛"")
else:
print('蜘蛛很少')","num_spiders = int(input())
num_cats = int(input())
if num_spiders > 10:
    if num_cats > num_spiders:
        print(""猫会吃掉蜘蛛"")
    else:
        print(""猫吃不完蜘蛛"")
else:
    print('蜘蛛很少')"
371,3,"for i in range(1,8):
    if i == 4
        continue
    print(i)","for i in range(1,8):
    if (i == 4):
        continue
    print(i)"
372,3,"print('I can')
print('swim.')
my_age = '10'
print('my age: ' my_age)","print('I can')
print('swim.')
my_age = 10
print('my age:', my_age)"
373,3,"print('你好')
print('我在吃饭')
print（）","print(""你好"")
print(""我在吃饭"")"
374,3,"print('I can')
print('swim.')
my_age = '10'
print('my age:'+' 'my_age)","print('I can')
print('swim.')
my_age = 10
print('my age:', my_age)"
375,3,"user_age=(int(input())
 if user_age==18:
  num_candles=18
 else:
  num_candles=3
 print(num_candles)","user_age = int(input())
if user_age == 18:  
    num_candles = 18
else:
    num_candles = 3
print(num_candles)"
376,3,"user_age = int(input())

if user_age == 18
   num_candles == 18
else:
    num_candles == 3
print(num_candles)","user_age = int(input())
if user_age == 18:  
    num_candles = 18
else:
    num_candles = 3
print(num_candles)"
377,3,"# 在这里编写代码
def welcome_to_circle_cat():
print(""Welcome to circle cat!"")
# 请不要更改此行以下的代码
welcome_to_circle_cat()
welcome_to_circle_cat()","def welcome_to_circle_cat():
    print(""Welcome to circle cat!"")

welcome_to_circle_cat()
welcome_to_circle_cat()
# 请不要更改此行以下的代码
welcome_to_circle_cat()"
378,3,"input_dict = input()
input_dict = eval(input_dict)
# 请不要更改此行以上的代码

# 在这里编写代码
user_info = {}

def add_user(user_name, pass_word):
    user_info[user_name]=pass_word
    
def verify_user(user_name, pass_word:
    if user_name in user_info:
        if user_info[user_name]==pass_word:
            return True
    return False
# 请不要更改此行以下的代码
for i in input_dict['add']:
    add_user(i[0], i[1])
for i in input_dict['verify']:
    print(verify_user(i[0], i[1]))","input_dict = input()
input_dict = eval(input_dict)
# 请不要更改此行以上的代码

user_info = {}

def add_user(user_name, pass_word):
    user_info[user_name] = pass_word

def verify_user(user_name, pass_word):
    if user_name in user_info:
        if user_info[user_name] == pass_word:
            return True
    return False

# 请不要更改此行以下的代码
for i in input_dict['add']:
    add_user(i[0], i[1])
for i in input_dict['verify']:
    print(verify_user(i[0], i[1]))"
379,3,"input_int = int(input())
# 请不要更改此行以上的代码

def fib_3(num):
   if num == 0:# 在这里补充代码:
      return 1# 在这里补充代码
   elif num == 1:# 在这里补充代码:
      return 1# 在这里补充代码
   elif num = 2:# 在这里补充代码:
      return 1# 在这里补充代码
   else:
      return fib_3(num-1) + fib_3(num-2) + fib_3(num-3)# 在这里补充代码

# 请不要更改此行以下的代码
print(fib_3(input_int))","input_int = int(input())
# 请不要更改此行以上的代码
 
def fib_3(num):
   if num == 0:
      return 1
   elif num == 1:
      return 1
   elif num == 2:
      return 1
   else:
      return fib_3(num - 2) + fib_3(num - 1) + fib_3(num - 3)

# 请不要更改此行以下的代码
print(fib_3(input_int))"
380,3,"karma = int(input())

# 在这里填写代码
karma++
print(karma)","karma = int(input())

karma = karma + 1

print(karma)"
381,3,"input_int = int(input())
# 请不要更改此行以上的代码

def fib_3(num):
   if num == 0
      return 1
   elif num == 1:
      return 1
   elif num == 2:
      return 1
   else:
      return fib_3(num-1)+fib_3(num-2)+fib_3(num-3)

# 请不要更改此行以下的代码
print(fib_3(input_int))","input_int = int(input())
# 请不要更改此行以上的代码
 
def fib_3(num):
   if num == 0:
      return 1
   elif num == 1:
      return 1
   elif num == 2:
      return 1
   else:
      return fib_3(num - 2) + fib_3(num - 1) + fib_3(num - 3)

# 请不要更改此行以下的代码
print(fib_3(input_int))"
382,3,"param = int(input())

def print_num(input_num):
    if input_num = 10:
        print(input_num)

print_num(param)","param = int(input())

def print_num(input_num):
    if (input_num == 10):
        print(input_num)

print_num(param)"
383,3,"for i in range(0, 10):
    print(i)
    if i >5:
    break","for i in range(0, 10):
    print(i)
    if (i == 5):
        break"
384,3,"input_int = int(input())
# 请不要更改此行以上的代码

def fib_3(num):
   if num == 0
      return 1
   elif num == 1:
      return 1
   elif num == 2:
       return 1
   else:
       return fib_3(num - 1) +fib_3(num - 2) + fib_3(num - 3) 

# 请不要更改此行以下的代码
print(fib_3(input_int))","input_int = int(input())
# 请不要更改此行以上的代码
 
def fib_3(num):
   if num == 0:
      return 1
   elif num == 1:
      return 1
   elif num == 2:
      return 1
   else:
      return fib_3(num - 2) + fib_3(num - 1) + fib_3(num - 3)

# 请不要更改此行以下的代码
print(fib_3(input_int))"
385,3,"film_rate = int(input())
if film_rate > 7:
    print(""好看"")
else：
    print('不好看')","film_rate = int(input())

if film_rate > 7:
    print('好看')
else:
    print('不好看')"
386,3,"test_param = input()
# 请不要更改此行以上的代码

# 在这里编写代码
score_dict = {'john':90,'jane':100,'james':0}
status_dict = {'jone':'active','jane':'active';'james':'incative'}
# 请不要更改此行以下的代码
print(score_dict[test_param])
print(status_dict[test_param])","test_param = input()
# 请不要更改此行以上的代码

score_dict = {'john':90, 'jane':100, 'james':0}
status_dict = {'john':'active', 'jane':'active', 'james':'inactive'}

# 请不要更改此行以下的代码
print(score_dict[test_param])
print(status_dict[test_param])"
387,3,"user_age=int(input)
if user_age==18
num_candles=18
else:
    num_candles=3
    print(num_candles)","user_age = int(input())
if user_age == 18:  
    num_candles = 18
else:
    num_candles = 3
print(num_candles)"
388,3,"print('你好\n我在吃饭'）
print(' ')","print(""你好"")
print(""我在吃饭"")"
389,3,"for i in range(0, 10):
    print(i)
        if i >= 5:
        break","for i in range(0, 10):
    print(i)
    if (i == 5):
        break"
390,3,"print('I can ')
print('swim.')
my_age = 10
print('my age: 'my_age)","print('I can')
print('swim.')
my_age = 10
print('my age:', my_age)"
391,3,"# 在这里补全代码
def num_students(100)
print(num_students)","num_students = 100

print(num_students)"
392,3,"for i in range(1,8):
    # 在此处补全代码
    for i==4:
        continue
    print(i)","for i in range(1,8):
    if (i == 4):
        continue
    print(i)"
393,3,"param = int(input())

def print_num(input_num):
    if input_num = 10:
    print(input_num)

print_num(param)","param = int(input())

def print_num(input_num):
    if (input_num == 10):
        print(input_num)

print_num(param)"
394,3,"param = int(input())

def count_ones(param):
    count=0
    for i in str(param):
        if i==""1"":
            count=count+1
                return count

print(count_ones(param))","param = int(input())

def count_ones(param):
    count = 0
    for i in str(param):
        if i == ""1"":
            count += 1
    return count
    
print(count_ones(param))"
395,3,"x = int(input())
y = int(input())
x=x\y
print(x)
x=x\y
print(x)
x=x\y
print(x)
# 在此处补全代码","x = int(input())
y = int(input())

x = x // y
print(x)
x = x // y
print(x)
x = x // y
print(x)"
396,3,"print('你好')
print('我在吃饭'\ )","print(""你好"")
print(""我在吃饭"")"
397,3,"for i in range(1,8):
    if i == 4
    continue
    print(i)","for i in range(1,8):
    if (i == 4):
        continue
    print(i)"
398,3,"print(\""生日快乐!\""')","print(""生日快乐！"")"
399,3,"for i in range(1,8):
    if i == 4：
    continue
    print(i)","for i in range(1,8):
    if (i == 4):
        continue
    print(i)"
400,3,"for i in range(1,8):
    # 在此处补全代码
    if i = 4:
        continue
    print(i)","for i in range(1,8):
    if (i == 4):
        continue
    print(i)"
401,3,"param = int(input())

# 在此处补全代码
def get_discount(height)
    if height<140:
        return 0
    else:
        return 100

print(get_discount(param))","param = int(input())

def get_discount(height):
    if (height < 140):
        return 0
    else:
        return 100
    
print(get_discount(param))"
402,3,"film_rate=int(input())
if film_rate>7
    print(""好看"")
else:
    print(""不好看"")","film_rate = int(input())

if film_rate > 7:
    print('好看')
else:
    print('不好看')"
403,3,"for i in range(1,8):
    if i=4:
        continue
    # 在此处补全代码
    print(i)","for i in range(1,8):
    if (i == 4):
        continue
    print(i)"
404,3,"user_age=int(input)
if user_age==18,
num_candles=18
else:
    num_candles=3
    print(num_candles)","user_age = int(input())
if user_age == 18:  
    num_candles = 18
else:
    num_candles = 3
print(num_candles)"
405,3,"input_dict = input()
input_dict = eval(input_dict)
# 请不要更改此行以上的代码
user_info = {}
def log_user(user_name):
    if user_name in user_info:
        user_info[user_name]+=1
    else:
        user_info[user_name]=1
    
    
def print_user_log(user_name):
    if user_name in user_info:
        print (user_info[user_name]=1)
    else:
        print ('0')
    

# 请不要更改此行以下的代码
for i in input_dict['log']:
    log_user(i)
for i in input_dict['print']:
    print_user_log(i)","input_dict = input()
input_dict = eval(input_dict)
# 请不要更改此行以上的代码

user_info = {}
def log_user(user_name):
    if user_name in user_info:
        user_info[user_name] += 1
    else:
        user_info[user_name] = 1
        
def print_user_log(user_name):
    if user_name in user_info:
        print(user_info[user_name])
    else:
        print(0)

# 请不要更改此行以下的代码
for i in input_dict['log']:
    log_user(i)
for i in input_dict['print']:
    print_user_log(i)"
406,3,"for i in range(0, 10):
    print(i)
    if i==5：
        break# 在这里补全代码","for i in range(0, 10):
    print(i)
    if (i == 5):
        break"
407,3,"user_age = int(input()):

if (user_age == 18):
    num_candles = 18
else:
    num_candles = 3
    
print(num_candles)","user_age = int(input())
if user_age == 18:  
    num_candles = 18
else:
    num_candles = 3
print(num_candles)"
408,3,"print(""I can"")
print(""swim."")
my_age = 10
print('my age:'my_age)","print('I can')
print('swim.')
my_age = 10
print('my age:', my_age)"
409,3,"input_int = int(input())
# 请不要更改此行以上的代码

def days_left_to_sunday(day):
    if day < 7:
        print(""还有"" + str(7 - day) + ""天到周日"")
        def days_left_to_sunday(day-1):
    else:
        print(""到周日了!"")

# 请不要更改此行以下的代码
days_left_to_sunday(input_int)","input_int = int(input())
# 请不要更改此行以上的代码

def days_left_to_sunday(day):
    if day < 7:
        print(""还有"" + str(7 - day) + ""天到周日"")
        days_left_to_sunday(day + 1)
    else:
        print(""到周日了!"")

# 请不要更改此行以下的代码
days_left_to_sunday(input_int)"
410,3,"for i in range(0, 10):
    print(i)
    # 在这里补全代码
    if i=5:
        break","for i in range(0, 10):
    print(i)
    if (i == 5):
        break"
411,3,"num_spiders = int(input())
num_cats = int(input())
#在这里补全代码
if num_spiders > 10:
    if num_cats > num_spiders:
        print(""猫会吃掉蜘蛛"")
    else num_cats <= num_spiders:
        print(""猫吃不完蜘蛛"")
else:
    print('蜘蛛很少')","num_spiders = int(input())
num_cats = int(input())
if num_spiders > 10:
    if num_cats > num_spiders:
        print(""猫会吃掉蜘蛛"")
    else:
        print(""猫吃不完蜘蛛"")
else:
    print('蜘蛛很少')"
412,3,"def welcome_to_circle_cat():
print (""Welcome to circle cat!"")
welcome_to_circle_cat()

welcome_to_circle_cat()","def welcome_to_circle_cat():
    print(""Welcome to circle cat!"")

welcome_to_circle_cat()
welcome_to_circle_cat()
# 请不要更改此行以下的代码
welcome_to_circle_cat()"
413,3,"def welcome_to_circle_cat():
print(""Welcome to circle cat!"")
welcome_to_circle_cat()
welcome_to_circle_cat()","def welcome_to_circle_cat():
    print(""Welcome to circle cat!"")

welcome_to_circle_cat()
welcome_to_circle_cat()
# 请不要更改此行以下的代码
welcome_to_circle_cat()"
414,3,"print('I can')
print('swim.')
my_age = '10'
print('my age：' my_age)","print('I can')
print('swim.')
my_age = 10
print('my age:', my_age)"
415,3,"for i in range(1,8):
    # 在此处补全代码
    if i == 4
        continue
    print(i)","for i in range(1,8):
    if (i == 4):
        continue
    print(i)"
416,3,"input_int = int(input())
# 请不要更改此行以上的代码

def fib_3(num):
   if num == 0# 在这里补充代码:
      return 1# 在这里补充代码
   elif num ==1 # 在这里补充代码:
      return 1# 在这里补充代码
   elif num == 2# 在这里补充代码:
      return 1# 在这里补充代码
   else:
      return fib_3(num-2)+fib_3(num-1)+fib_3(num-3)# 在这里补充代码
# 请不要更改此行以下的代码
print(fib_3(input_int))","input_int = int(input())
# 请不要更改此行以上的代码
 
def fib_3(num):
   if num == 0:
      return 1
   elif num == 1:
      return 1
   elif num == 2:
      return 1
   else:
      return fib_3(num - 2) + fib_3(num - 1) + fib_3(num - 3)

# 请不要更改此行以下的代码
print(fib_3(input_int))"
417,3,"film_rate = int((input())
if film_rate > 7:
    print(""好看"")
else:
    print(""不好看"")","film_rate = int(input())

if film_rate > 7:
    print('好看')
else:
    print('不好看')"
418,3,"input_dict = input()
input_dict = eval(input_dict)
# 请不要更改此行以上的代码

user_info={}
def log_user(user_name):
    if user_name in user_info:
        user_info[user_name]+=1
    else:
        user_info[user_name]=1
def print_user_log(user_name) :
    if user_name in user_info:
        print user_info[user_name]
    else:
        print ('0')

# 请不要更改此行以下的代码
for i in input_dict['log']:
    log_user(i)
for i in input_dict['print']:
    print_user_log(i)","input_dict = input()
input_dict = eval(input_dict)
# 请不要更改此行以上的代码

user_info = {}
def log_user(user_name):
    if user_name in user_info:
        user_info[user_name] += 1
    else:
        user_info[user_name] = 1
        
def print_user_log(user_name):
    if user_name in user_info:
        print(user_info[user_name])
    else:
        print(0)

# 请不要更改此行以下的代码
for i in input_dict['log']:
    log_user(i)
for i in input_dict['print']:
    print_user_log(i)"
419,3,"input_int = int(input())
# 请不要更改此行以上的代码

def fibonacci(num):
   if num == 0:
      return 1
   elif num == 1:
      return 1
   else:
      return （(num-2)+(num-1))# 在这里补充代码

# 请不要更改此行以下的代码
print(fibonacci(input_int))","input_int = int(input())
# 请不要更改此行以上的代码

def fibonacci(num):
   if num == 0:
      return 1
   elif num == 1:
      return 1
   else:
      return fibonacci(num-2) + fibonacci(num-1)

# 请不要更改此行以下的代码
print(fibonacci(input_int))"
420,3,"num_animals=int(input())
if (num_animals>=30)
    forest_size=3
else:
    forest_size=1
    print('forest_size')","num_animals = int(input()) 

if num_animals >= 30:
    forest_size = 3
else:
    forest_size = 1

print(forest_size)"
421,3,"for i in range(1,8):
    if i=4:
        continue
    
    print(i)","for i in range(1,8):
    if (i == 4):
        continue
    print(i)"
422,3,"user_age=int(input())
if (user_age == 18):
    num_candles=18
    else
    num_candles=3
    
    
print(num_candles)","user_age = int(input())
if user_age == 18:  
    num_candles = 18
else:
    num_candles = 3
print(num_candles)"
423,3,"print（""I am Python!""）","print(""I am Python!"")"
424,3,"print(""I can"")
print(""swim"")
my_age = 10
print('my age:' my_age)","print('I can')
print('swim.')
my_age = 10
print('my age:', my_age)"
425,3,"film_rate=int(input())
if film_rate>7
    print('好看')
else：
    print('不好看')","film_rate = int(input())

if film_rate > 7:
    print('好看')
else:
    print('不好看')"
426,3,"param = input()
print param[5] 

# 在此处补全代码","param = input()

print(param[4])"
427,3,"num_spiders = int(input())
num_cats = int(input())
if num_spiders > 10:
   num_cats > num_spiders
print(""猫会吃掉蜘蛛"")
elif:
print(""猫吃不完蜘蛛"")
else:
print('蜘蛛很少')","num_spiders = int(input())
num_cats = int(input())
if num_spiders > 10:
    if num_cats > num_spiders:
        print(""猫会吃掉蜘蛛"")
    else:
        print(""猫吃不完蜘蛛"")
else:
    print('蜘蛛很少')"
428,3,"param = int(input())

def convert_num(input_num):
    if (input_num >= 10):
        input_num = input_num - 10
    print（""input_num"")

convert_num(param)","param = int(input())

def convert_num(input_num):
    if (input_num >= 10):
        input_num = input_num - 10
    print(input_num)

convert_num(param)"
429,3,"user_age=int(input(''))
int num_candles
if user_age == 18:
    num_candles=18
else:
    num_candles=3
print(num_candles)","user_age = int(input())
if user_age == 18:  
    num_candles = 18
else:
    num_candles = 3
print(num_candles)"
430,3,"print（""生日快乐！""","print(""生日快乐！"")"
431,3,"input_list_0 = input().split(',')
input_list_1 = input().split(',')
# 请不要更改此行以上的代码
my_list=（input_list_0）+（input_list_1）
del my_list[0]
my_list[0]=""x""
# 在这里编写代码

# 请不要更改此行以下的代码
print("","".join(my_list))","input_list_0 = input().split(',')
input_list_1 = input().split(',')
# 请不要更改此行以上的代码

my_list = input_list_0 + input_list_1
del my_list[0]
my_list[0] = 'x'

# 请不要更改此行以下的代码
print("","".join(my_list))"
432,3,"x = int(input())
y = int(input())
def increment_by_three(x, y):
    while(x<y):
    print(x)
    x=x+3

increment_by_three(x, y)","x = int(input())
y = int(input())

def increment_by_three(x, y):
    while(x < y):
        print(x)
        x += 3

increment_by_three(x, y)"
433,3,"param = input()

# 在此处补全代码
print(param{5})","param = input()

print(param[4])"
434,3,"for i in range(1,8):
    # 在此处补全代码
    if i=4:
        continue
    print(i)","for i in range(1,8):
    if (i == 4):
        continue
    print(i)"
435,3,"print（""生日快乐！""）","print(""生日快乐！"")"
436,3,"print('I can')
print('swim')
my_age = 10
print(""my age:""my_age)","print('I can')
print('swim.')
my_age = 10
print('my age:', my_age)"
437,3,"num_animals = int(input"""")
if num_animals > 30:
    forest_size = 3
else:
    forest_size = 1
print (forest_size)","num_animals = int(input()) 

if num_animals >= 30:
    forest_size = 3
else:
    forest_size = 1

print(forest_size)"
438,3,"param = int(input())

def print_num(param):
    if (param = 10):
        print(input_num)

print_num(param)","param = int(input())

def print_num(input_num):
    if (input_num == 10):
        print(input_num)

print_num(param)"
439,3,"for i in range(0, 10):
    print(i)
    if i >= 5:
    break","for i in range(0, 10):
    print(i)
    if (i == 5):
        break"
440,3,"for i in range(0, 10):
    print(i)
        if i>5:
            break","for i in range(0, 10):
    print(i)
    if (i == 5):
        break"
441,3,"print('I can')
print('swim.')
'my_age' = 10
print('my_age:' my_age)","print('I can')
print('swim.')
my_age = 10
print('my age:', my_age)"
442,3,"time = int(input())

if 8<time<22:
    print(""醒着"")
else
    print(""睡觉了"")","time = int(input())
if 8 < time < 22:
    print('醒着')
else:
    print('睡觉了')"
443,3,"param = int(input())

def convert_num(input_num):
    if (input_num >= 10):
        input_num = input_num - 10
    print（'input_num')

convert_num(param)","param = int(input())

def convert_num(input_num):
    if (input_num >= 10):
        input_num = input_num - 10
    print(input_num)

convert_num(param)"
444,3,"num_spiders = int(input())
num_cats = int(input())
#在这里补全代码
if num_spiders > 10:
    num_cats > num_spiders:
    print(""猫会吃掉蜘蛛"")
else:
    print(""猫吃不完蜘蛛"")
    print('蜘蛛很少')","num_spiders = int(input())
num_cats = int(input())
if num_spiders > 10:
    if num_cats > num_spiders:
        print(""猫会吃掉蜘蛛"")
    else:
        print(""猫吃不完蜘蛛"")
else:
    print('蜘蛛很少')"
445,3,"for i in range(1,8):
    if i == 4:
    break
    # 在此处补全代码
    print(i)","for i in range(1,8):
    if (i == 4):
        continue
    print(i)"
446,3,"print（""       你好\n再见""）","print(""       你好\n再见"")"
447,3,"input_int = int(input())
# 请不要更改此行以上的代码

def power_of_two(num):
    if num == 0 :
        return 1
    else:
        return 2*(power_of_two(num-1)

# 请不要更改此行以下的代码
print(power_of_two(input_int))","input_int = int(input())
# 请不要更改此行以上的代码

def power_of_two(num):
    if num == 0:
        return 1
    else:
        return 2 * power_of_two(num - 1)

# 请不要更改此行以下的代码
print(power_of_two(input_int))"
448,3,"num_spiders = int(input())
num_cats = int(input())
#在这里补全代码
if num_spiders > 10 and num_cats > num_spiders:
    print(""猫会吃掉蜘蛛"")
elif:
    print(""猫吃不完蜘蛛"")
else:
    print('蜘蛛很少')","num_spiders = int(input())
num_cats = int(input())
if num_spiders > 10:
    if num_cats > num_spiders:
        print(""猫会吃掉蜘蛛"")
    else:
        print(""猫吃不完蜘蛛"")
else:
    print('蜘蛛很少')"
449,3,"print(\\""生日快乐!\\"")","print(""生日快乐！"")"
450,3,"print(""\0\0\0\0\0\0\0你好\n再见""，""\n"")","print(""       你好\n再见"")"
451,3,"film_rate=int(input())
if (film_rate>7):
print ('好看')
else: ('不好看')","film_rate = int(input())

if film_rate > 7:
    print('好看')
else:
    print('不好看')"
452,3,"film_rate=int(input())
if film_rate>7：
    print(""好看"")
else:
    print(""不好看"")","film_rate = int(input())

if film_rate > 7:
    print('好看')
else:
    print('不好看')"
453,3,"time = int(input())
if time 8<time<22:
    print(""醒着"")
else:
    print(""睡觉了"")","time = int(input())
if 8 < time < 22:
    print('醒着')
else:
    print('睡觉了')"
454,3,"param = int(input())

def print_num():
    if (param = 10):
        print(input_num)

print_num(param)","param = int(input())

def print_num(input_num):
    if (input_num == 10):
        print(input_num)

print_num(param)"
455,3,"print('I can')
print('swim.')
my_age = 10
print('my_age:'+' 'my_age)","print('I can')
print('swim.')
my_age = 10
print('my age:', my_age)"
456,3,"input_int = int(input())
# 请不要更改此行以上的代码

def days_left_to_sunday(day):
    if day < 7:
        print(""还有"" + str(7 - day) + ""天到周日"")
        #在这里添加一行代码
        days_left_to_sunday(day - 1) +=7
        
    else:
        print(""到周日了!"")

# 请不要更改此行以下的代码
days_left_to_sunday(input_int)","input_int = int(input())
# 请不要更改此行以上的代码

def days_left_to_sunday(day):
    if day < 7:
        print(""还有"" + str(7 - day) + ""天到周日"")
        days_left_to_sunday(day + 1)
    else:
        print(""到周日了!"")

# 请不要更改此行以下的代码
days_left_to_sunday(input_int)"
457,3,"# 在这里编写代码
def welcome_to_circle_cat():
print(""Welcome to circle cat!"")
welcome_to_circle_cat()
# 请不要更改此行以下的代码
welcome_to_circle_cat()","def welcome_to_circle_cat():
    print(""Welcome to circle cat!"")

welcome_to_circle_cat()
welcome_to_circle_cat()
# 请不要更改此行以下的代码
welcome_to_circle_cat()"
458,3,"print('I can')
print(""swim."")
my_age = ""10""
print('my age:' my_age)","print('I can')
print('swim.')
my_age = 10
print('my age:', my_age)"
459,3,"time = int(input())
if 8<time<22：
    print(""醒着"")
else:
    print(""睡觉了"")","time = int(input())
if 8 < time < 22:
    print('醒着')
else:
    print('睡觉了')"
460,3,"print('I can')
print('swim.')
my_age=10
print('my_age:'+' 'my_age)","print('I can')
print('swim.')
my_age = 10
print('my age:', my_age)"
461,3,"for i in range(1,8):
    # 在此处补全代码
    if i =4:
        continue
    print(i)","for i in range(1,8):
    if (i == 4):
        continue
    print(i)"
462,3,"num_spiders = int(input())
num_cats = int(input())
#在这里补全代码
if num_spiders > 10:
    num_cats > num_spiders
    print(""猫会吃掉蜘蛛"")
else:
    print(""猫吃不完蜘蛛"")
else:
    print(""蜘蛛很少"")","num_spiders = int(input())
num_cats = int(input())
if num_spiders > 10:
    if num_cats > num_spiders:
        print(""猫会吃掉蜘蛛"")
    else:
        print(""猫吃不完蜘蛛"")
else:
    print('蜘蛛很少')"
463,3,"input_int = int(input())
# 请不要更改此行以上的代码

def power_of_two(num):
    if num == 0
        return 1
    else:
        return int（2 * power_of_two(num-1)）
# 请不要更改此行以下的代码
print(power_of_two(input_int))","input_int = int(input())
# 请不要更改此行以上的代码

def power_of_two(num):
    if num == 0:
        return 1
    else:
        return 2 * power_of_two(num - 1)

# 请不要更改此行以下的代码
print(power_of_two(input_int))"
464,3,"user_age = int(input())
if user_age == 18:
    num_candles == 18
else num_candles == 3

print(num_candles)","user_age = int(input())
if user_age == 18:  
    num_candles = 18
else:
    num_candles = 3
print(num_candles)"
465,3,"def welcome_to_circle_cat():
print (""Welcome to circle cat!"")
welcome_to_circle_cat()
welcome_to_circle_cat()","def welcome_to_circle_cat():
    print(""Welcome to circle cat!"")

welcome_to_circle_cat()
welcome_to_circle_cat()
# 请不要更改此行以下的代码
welcome_to_circle_cat()"
466,3,"time = int(input())
if 8 < time < 22
    print(""醒着"")
else:
    print(""睡觉了"")","time = int(input())
if 8 < time < 22:
    print('醒着')
else:
    print('睡觉了')"
467,3,"def welcome_to_cirlcle_cat():
    print(""Welcome to circle cat!"")
welcome_to_cirlcle_cat():
welcome_to_cirlcle_cat():
welcome_to_cirlcle_cat():","def welcome_to_cirlcle_cat():
    print(""Welcome to circle cat!"")

welcome_to_cirlcle_cat()
welcome_to_cirlcle_cat()
# 请不要更改此行以下的代码
welcome_to_cirlcle_cat()"
468,3,"time=int(input())
if 8<time<22：
 print(""醒着"")
else:
 print(""睡觉了"")","time = int(input())
if 8 < time < 22:
    print('醒着')
else:
    print('睡觉了')"
469,3,"input_dict = input()
input_dict = eval(input_dict)
# 请不要更改此行以上的代码

# 在这里编写代码
user_info={}
def log_user(user_name):
    if user_name in user_info :
        user_info[user_name]+=1
    else:
        user_info['user_name']=1
def print_user_log(user_name):
    if user_name in user_info:
         print user_info[user_name]
    else:
        print (0)
# 请不要更改此行以下的代码
for i in input_dict['log']:
    log_user(i)
for i in input_dict['print']:
    print_user_log(i)","input_dict = input()
input_dict = eval(input_dict)
# 请不要更改此行以上的代码

user_info = {}
def log_user(user_name):
    if user_name in user_info:
        user_info[user_name] += 1
    else:
        user_info[user_name] = 1
        
def print_user_log(user_name):
    if user_name in user_info:
        print(user_info[user_name])
    else:
        print(0)

# 请不要更改此行以下的代码
for i in input_dict['log']:
    log_user(i)
for i in input_dict['print']:
    print_user_log(i)"
470,3,"for i in range(0, 10):
    print(i)
    if i > 5:
    break","for i in range(0, 10):
    print(i)
    if (i == 5):
        break"
471,3,"for i in range(1,8):
    # 在此处补全代码
    if (i != 4)
        print(i)","for i in range(1,8):
    if (i == 4):
        continue
    print(i)"
472,3,"print(""I can"")
print(""swim"")
my_age = 10
print('my age:'my_age)","print('I can')
print('swim.')
my_age = 10
print('my age:', my_age)"
473,3,"param = int(input())

def print_num(input_num):
    if (input_num = 10):
        print(input_num)
    else:
        
print_num(param)","param = int(input())

def print_num(input_num):
    if (input_num == 10):
        print(input_num)

print_num(param)"
474,3,"input_dict = input()
input_dict = eval(input_dict)
# 请不要更改此行以上的代码

user_info={}
def log_user(user_name):
    if user_name in user_info:
        user_info[user_name]+=1
        else:
            user_info[user_name]=1
def print_user_log(user_name) :
    if user_name in user_info:
        print user_info[user_name]
        else:
            print ('0')

# 请不要更改此行以下的代码
for i in input_dict['log']:
    log_user(i)
for i in input_dict['print']:
    print_user_log(i)","input_dict = input()
input_dict = eval(input_dict)
# 请不要更改此行以上的代码

user_info = {}
def log_user(user_name):
    if user_name in user_info:
        user_info[user_name] += 1
    else:
        user_info[user_name] = 1
        
def print_user_log(user_name):
    if user_name in user_info:
        print(user_info[user_name])
    else:
        print(0)

# 请不要更改此行以下的代码
for i in input_dict['log']:
    log_user(i)
for i in input_dict['print']:
    print_user_log(i)"
475,3,"for i in range(0, 10):
    print(i)
    if i == 5
        break","for i in range(0, 10):
    print(i)
    if (i == 5):
        break"
476,3,"print('I can')
print('swim.')
my_age = 10
print('my age: 'my_age')","print('I can')
print('swim.')
my_age = 10
print('my age:', my_age)"
477,3,"for i in range(0, 10):
    print(i)
    # 在这里补全代码
    if i == 6:
    break","for i in range(0, 10):
    print(i)
    if (i == 5):
        break"
478,3,"film_rate=int(input())
if film_rate>7
print ('好看')
else ('不好看')","film_rate = int(input())

if film_rate > 7:
    print('好看')
else:
    print('不好看')"
479,3,"input_dict = input()
input_dict = eval(input_dict)
# 请不要更改此行以上的代码

user_info={}

def log_user(user_name):
    if user_name in user_info:
        user_info[user_name]+=1
    else:
        user_info[user_name]=1

def print_user_log(user_name):
    if user_name in user_info:
        print (user_info[user_name])
        else:
            print'0'
# 请不要更改此行以下的代码
for i in input_dict['log']:
    log_user(i)
for i in input_dict['print']:
    print_user_log(i)","input_dict = input()
input_dict = eval(input_dict)
# 请不要更改此行以上的代码

user_info = {}
def log_user(user_name):
    if user_name in user_info:
        user_info[user_name] += 1
    else:
        user_info[user_name] = 1
        
def print_user_log(user_name):
    if user_name in user_info:
        print(user_info[user_name])
    else:
        print(0)

# 请不要更改此行以下的代码
for i in input_dict['log']:
    log_user(i)
for i in input_dict['print']:
    print_user_log(i)"
480,3,"print(""你好""\""我在吃饭"")
print()","print(""你好"")
print(""我在吃饭"")"
481,3,"num_students=int(input())
if num_students<50
 print(""没到齐"")
else:
 print(""到齐了"")","num_students = int(input())  

if num_students < 50:
    print('没到齐')
else:
    print('到齐了')"
482,3,"param = int(input())
def print_num(input_num):
    if (input_num == 10):
        print(input_num)
    else：
    print("""")","param = int(input())

def print_num(input_num):
    if (input_num == 10):
        print(input_num)

print_num(param)"
483,3,"input_dict = input()
input_dict = eval(input_dict)
# 请不要更改此行以上的代码

user_info={}
def add_user(user_name, pass_word):
    user_info['user_name']='pass_word'
    
def verify_user(user_name, pass_word):
    if user_name in user_info:
        if user_info[user_name]=pass_word:
            return True
    return False
    
# 请不要更改此行以下的代码
for i in input_dict['add']:
    add_user(i[0], i[1])
for i in input_dict['verify']:
    print(verify_user(i[0], i[1]))","input_dict = input()
input_dict = eval(input_dict)
# 请不要更改此行以上的代码

user_info = {}

def add_user(user_name, pass_word):
    user_info[user_name] = pass_word

def verify_user(user_name, pass_word):
    if user_name in user_info:
        if user_info[user_name] == pass_word:
            return True
    return False

# 请不要更改此行以下的代码
for i in input_dict['add']:
    add_user(i[0], i[1])
for i in input_dict['verify']:
    print(verify_user(i[0], i[1]))"
484,3,"print(""I can"")
print('swim')
my_age = 10
print('my age:' my_age)","print('I can')
print('swim.')
my_age = 10
print('my age:', my_age)"
485,3,"time = int(input())
if time 8 < time < 22:
    print(""醒着"")
else:
    print(""睡觉了"")","time = int(input())
if 8 < time < 22:
    print('醒着')
else:
    print('睡觉了')"
486,3,"film_rate=int(input())
if (film_rate>7):
 print ('好看')
 else: ('不好看')","film_rate = int(input())

if film_rate > 7:
    print('好看')
else:
    print('不好看')"
487,4,"# 在这里编写代码
welcome_to_cirlcle_cat():
    print(""Welcome to circle cat!"")
# 请不要更改此行以下的代码
welcome_to_cirlcle_cat()
welcome_to_cirlcle_cat()","def welcome_to_cirlcle_cat():
    print(""Welcome to circle cat!"")

welcome_to_cirlcle_cat()
welcome_to_cirlcle_cat()
# 请不要更改此行以下的代码
welcome_to_cirlcle_cat()"
488,4,"param = int(input())

def print_num(input_num):
    if (input_num = 10):
        print(input_num)
    else:
        pass

print_num(param)","param = int(input())

def print_num(input_num):
    if (input_num == 10):
        print(input_num)

print_num(param)"
489,4,"user_age=int(input())
if user_age==18:
    num_candles==18
else:
    num_candles==3
print num_candles","user_age = int(input())
if user_age == 18:  
    num_candles = 18
else:
    num_candles = 3
print(num_candles)"
490,4,"num_spiders = int(input())
num_cats = int(input())
if num_spiders > 10:
    if num_cats>num_spiders:
        print(""猫会吃掉蜘蛛"")
    else num_spiders <= num_spiders
        print(""猫吃不完蜘蛛"")
else:
    print(""蜘蛛很少"")","num_spiders = int(input())
num_cats = int(input())
if num_spiders > 10:
    if num_cats > num_spiders:
        print(""猫会吃掉蜘蛛"")
    else:
        print(""猫吃不完蜘蛛"")
else:
    print('蜘蛛很少')"
491,4,print（'I am Python'！）,"print(""I am Python!"")"
492,4,"num_spiders = int(input())
num_cats = int(input())
#在这里补全代码
if num_spiders > 10 and num_cats > num_spiders:
    print('猫会吃掉蜘蛛')
else:
    print('猫吃不完蜘蛛')
    else:
        print('蜘蛛很少')","num_spiders = int(input())
num_cats = int(input())
if num_spiders > 10:
    if num_cats > num_spiders:
        print(""猫会吃掉蜘蛛"")
    else:
        print(""猫吃不完蜘蛛"")
else:
    print('蜘蛛很少')"
493,4,"for i in range(1,8):
    if i == 4
    break
    # 在此处补全代码
    print(i)","for i in range(1,8):
    if (i == 4):
        continue
    print(i)"
494,4,"def welcome_to_circle_cat()：
    print(""Welcome to circle cat!"")
welcome_to_circle_cat()
# 请不要更改此行以下的代码
welcome_to_circle_cat()","def welcome_to_circle_cat():
    print(""Welcome to circle cat!"")

welcome_to_circle_cat()
welcome_to_circle_cat()
# 请不要更改此行以下的代码
welcome_to_circle_cat()"
495,4,"param = int(input())

def print_num(input_num):
    if (input_num = 10):
        print(input_num)
    else:
        return

print_num(param)","param = int(input())

def print_num(input_num):
    if (input_num == 10):
        print(input_num)

print_num(param)"
496,4,"num_students=int(input())
if num_students<50
   print(""没到齐"")
else
   print(""到齐了"")","num_students = int(input())  

if num_students < 50:
    print('没到齐')
else:
    print('到齐了')"
497,4,"time=int(input())
if: 
   8<time<22
   print(""醒着"")
else:
    print(""睡觉了"")","time = int(input())
if 8 < time < 22:
    print('醒着')
else:
    print('睡觉了')"
498,4,"for i in range(1,8):
    if i == 4:
		continue
    print(i)","for i in range(1,8):
    if (i == 4):
        continue
    print(i)"
499,4,"test_param = input()
# 请不要更改此行以上的代码
score_dict={'john':'90','jane':'100'.'james':'0'}
status_dict={'john':'active','jane':'active','james':'inactive'}

# 请不要更改此行以下的代码
print(score_dict[test_param])
print(status_dict[test_param])","test_param = input()
# 请不要更改此行以上的代码

score_dict = {'john':90, 'jane':100, 'james':0}
status_dict = {'john':'active', 'jane':'active', 'james':'inactive'}

# 请不要更改此行以下的代码
print(score_dict[test_param])
print(status_dict[test_param])"
500,4,"print('你好'\'我在吃饭')
print()","print(""你好"")
print(""我在吃饭"")"
501,4,"film_rate=int(input())
if film_rate > 7
   print(""好看"")
else
   print(""不好看"")","film_rate = int(input())

if film_rate > 7:
    print('好看')
else:
    print('不好看')"
502,4,"input_int = int(input())
# 请不要更改此行以上的代码

def fib_3(num):
    if num ==0: # 在这里补充代码:
      return 1# 在这里补充代码
    elif num ==1: # 在这里补充代码:
      return 1# 在这里补充代码
    elif num==2: # 在这里补充代码:
      # return 1 在这里补充代码
    else:
      return fib_3(num-1)+fib_3(num-2)+fib_3(num-3)
      # 在这里补充代码

# 请不要更改此行以下的代码
print(fib_3(input_int))","input_int = int(input())
# 请不要更改此行以上的代码
 
def fib_3(num):
   if num == 0:
      return 1
   elif num == 1:
      return 1
   elif num == 2:
      return 1
   else:
      return fib_3(num - 2) + fib_3(num - 1) + fib_3(num - 3)

# 请不要更改此行以下的代码
print(fib_3(input_int))"
503,4,"# 在这里编写代码
 def welcome_to_circle_cat():
   print(""welcome to circle cat!"")
# 请不要更改此行以下的代码
welcome_to_circle_cat()
welcome_to_circle_cat()","def welcome_to_circle_cat():
    print(""Welcome to circle cat!"")

welcome_to_circle_cat()
welcome_to_circle_cat()
# 请不要更改此行以下的代码
welcome_to_circle_cat()"
504,4,"film_rate = int(input())

if film_rate > int(""7"")
  print('好看')
else:
  print('不好看')","film_rate = int(input())

if film_rate > 7:
    print('好看')
else:
    print('不好看')"
505,4,"input_int = int(input())
# 请不要更改此行以上的代码

def fibonacci(num):
   if num == 0:
      return 1
   elif num == 1:
      return 1
   else:
      return （num-2) + (num-1)# 在这里补充代码

# 请不要更改此行以下的代码
print(fibonacci(input_int))","input_int = int(input())
# 请不要更改此行以上的代码

def fibonacci(num):
   if num == 0:
      return 1
   elif num == 1:
      return 1
   else:
      return fibonacci(num-2) + fibonacci(num-1)

# 请不要更改此行以下的代码
print(fibonacci(input_int))"
506,4,"print(""I can"" +)
print(""swim."")
my_age = 10
print('my age:' my_age)","print('I can')
print('swim.')
my_age = 10
print('my age:', my_age)"
507,4,"for i in range(1,8):
    if i!=4:
    print(i)","for i in range(1,8):
    if (i == 4):
        continue
    print(i)"
508,4,"print(""I can"")
print(""swim."")
my_age = 10
print(""my age:"" =my_age)","print('I can')
print('swim.')
my_age = 10
print('my age:', my_age)"
509,4,"print(""I can"")
print(""swim."")
my_age = 10
print(""my age:"" my_age)","print('I can')
print('swim.')
my_age = 10
print('my age:', my_age)"
510,4,"time=int(input())
if 8<time<22:
    print(""醒着"")
else：
    print(""睡觉了"")","time = int(input())
if 8 < time < 22:
    print('醒着')
else:
    print('睡觉了')"
511,4,"param = int(input())

def print_num(input_num):
    if (input_num = 10):
        print(input_num)
    

print(print_num(param))","param = int(input())

def print_num(input_num):
    if (input_num == 10):
        print(input_num)

print_num(param)"
512,4,"film_rate=int(input())
if film_rate>7
   print(""好看"")
else
   print(""不好看"")","film_rate = int(input())

if film_rate > 7:
    print('好看')
else:
    print('不好看')"
513,4,"karma = int(input())

# 在这里填写代码
karma=""1""
1=""2""
print(karma)","karma = int(input())

karma = karma + 1

print(karma)"
514,4,"print('你好 '）
print('我在吃饭 '）","print(""你好"")
print(""我在吃饭"")"
515,4,"num_animals = int((input""""))
if num_animals > 30:
    forest_size = 3
else:
    forest_size = 1
print (forest_size)","num_animals = int(input()) 

if num_animals >= 30:
    forest_size = 3
else:
    forest_size = 1

print(forest_size)"
516,4,"param = int(input())

def print_num(input_num):
    if (input_num = 10):
        print(input_num)

print(print_num(param))","param = int(input())

def print_num(input_num):
    if (input_num == 10):
        print(input_num)

print_num(param)"
517,4,"# 在这里编写代码
 def welcome_to_circle_cat():
     print(""welcome to circle cat!"")
     
# 请不要更改此行以下的代码
welcome_to_circle_cat()
welcome_to_circle_cat()","def welcome_to_circle_cat():
    print(""Welcome to circle cat!"")

welcome_to_circle_cat()
welcome_to_circle_cat()
# 请不要更改此行以下的代码
welcome_to_circle_cat()"
518,4,"karma = int(input())

karma +=

print(karma)","karma = int(input())

karma = karma + 1

print(karma)"
519,4,"def welcome_to_cirlcle_cat():
    print(""Welcome to circle cat!"")
    welcome_to_cirlcle_cat():
# 在这里编写代码

# 请不要更改此行以下的代码
welcome_to_cirlcle_cat()","def welcome_to_cirlcle_cat():
    print(""Welcome to circle cat!"")

welcome_to_cirlcle_cat()
welcome_to_cirlcle_cat()
# 请不要更改此行以下的代码
welcome_to_cirlcle_cat()"
520,4,"print(""I can"")
print(""swim."")
my_age = 10
print('my age:' 10)","print('I can')
print('swim.')
my_age = 10
print('my age:', my_age)"
521,4,"user_age = int(input())
num_candles = 0
if user_age = 18:
    num_candles = 18
else:
    num_candles = 3
print(num_candles)","user_age = int(input())
if user_age == 18:  
    num_candles = 18
else:
    num_candles = 3
print(num_candles)"
522,4,"input_dict = input()
input_dict = eval(input_dict)
# 请不要更改此行以上的代码

# 在这里编写代码
user_info={}

def log_user(user_name):
    if user_name in user_info:
        user_info[user_name]+=1;
	else user_info[user_name]=1
	
def print_user_log(user_name):
	if user_name in user_info:
		print(user_info[user_name])
	else:
		print(0)
# 请不要更改此行以下的代码
for i in input_dict['log']:
    log_user(i)
for i in input_dict['print']:
    print_user_log(i)","input_dict = input()
input_dict = eval(input_dict)
# 请不要更改此行以上的代码

user_info = {}
def log_user(user_name):
    if user_name in user_info:
        user_info[user_name] += 1
    else:
        user_info[user_name] = 1
        
def print_user_log(user_name):
    if user_name in user_info:
        print(user_info[user_name])
    else:
        print(0)

# 请不要更改此行以下的代码
for i in input_dict['log']:
    log_user(i)
for i in input_dict['print']:
    print_user_log(i)"
523,4,"my_list = [10, 75, 94]
my_guess= int(input())
if my_guess in my_list:
    print(""猜对了"")
else：
    print(""猜错了"")","my_list = [10, 75, 94]
my_guess = int(input())

if  my_guess in my_list:
    print('猜对了')
else:
    print('猜错了')"
524,4,"for i in range(0, 10):
    print(i)
    # 在这里补全代码
   if i>4:
       break","for i in range(0, 10):
    print(i)
    if (i == 5):
        break"
525,4,"num_students=int(input())

if num_students < 50:
    print(""没到齐"")
else：
    print(""到齐了"")","num_students = int(input())  

if num_students < 50:
    print('没到齐')
else:
    print('到齐了')"
526,4,"param = int(input())
def print_num(input_num):
    if (input_num == 10):
        print(input_num)
    else：","param = int(input())

def print_num(input_num):
    if (input_num == 10):
        print(input_num)

print_num(param)"
527,4,"print(""你好"")
print（""我在吃饭""）
print("""")","print(""你好"")
print(""我在吃饭"")"
528,4,"print('你好'）
print('我在吃饭'）","print(""你好"")
print(""我在吃饭"")"
529,4,"user_age = int(input())
num_candles
if user_age == 18:
    num_candles == 18
else num_candles == 3

print(num_candles)","user_age = int(input())
if user_age == 18:  
    num_candles = 18
else:
    num_candles = 3
print(num_candles)"
530,4,"# 在这里编写代码
def welcome_to_circle_cat()
 print(""Welcome to circle cat!"")
welcome_to_circle_cat()
# 请不要更改此行以下的代码
welcome_to_circle_cat()","def welcome_to_circle_cat():
    print(""Welcome to circle cat!"")

welcome_to_circle_cat()
welcome_to_circle_cat()
# 请不要更改此行以下的代码
welcome_to_circle_cat()"
531,4,"def welcome_to_circle_cat()
print (""Welcome to circle cat!"")
welcome_to_circle_cat()

# 请不要更改此行以下的代码
welcome_to_circle_cat()","def welcome_to_circle_cat():
    print(""Welcome to circle cat!"")

welcome_to_circle_cat()
welcome_to_circle_cat()
# 请不要更改此行以下的代码
welcome_to_circle_cat()"
532,4,"param = int(input())

def print_num(input_num):
    if (input_num=10):
        input_num=input_num
        print(input_num)
    
print_num(param)","param = int(input())

def print_num(input_num):
    if (input_num == 10):
        print(input_num)

print_num(param)"
533,4,"param = int(input())

def print_num(input_num):
    if (input_num = 10):
        return(input_num)

print(print_num)","param = int(input())

def print_num(input_num):
    if (input_num == 10):
        print(input_num)

print_num(param)"
534,4,"time = int(input())

if 8<time<22:
    print(""醒着"")
else：
    print(""睡觉了"")","time = int(input())
if 8 < time < 22:
    print('醒着')
else:
    print('睡觉了')"
535,4,"cat_age = int(input())
if(1 <= cat_age <= 10):
    print(""可以上飞机"")
else：
    print(""不能上飞机"")","cat_age = int(input())

if  (1 <= cat_age <= 10):
    print('可以上飞机')
else:
    print('不能上飞机')"
536,4,"num_spiders = int(input())
num_cats = int(input())
if(num_spiders>10):
if(num_cats>num_spiders):
    print(""猫会吃掉蜘蛛"")
else:
    print(""猫吃不完蜘蛛"")
else:
    print('蜘蛛很少')","num_spiders = int(input())
num_cats = int(input())
if num_spiders > 10:
    if num_cats > num_spiders:
        print(""猫会吃掉蜘蛛"")
    else:
        print(""猫吃不完蜘蛛"")
else:
    print('蜘蛛很少')"
537,4,"age = int(input())

print(""my age is "" +str（age）)","age = int(input())

print(""my age is "" + str(age))"
538,4,"def welcome_to_cirlcle_cat()：
    print(""welcome to circle cat!"")
welcome_to_cirlcle_cat()
    print(""welcome to circle cat!"")
# 请不要更改此行以下的代码
welcome_to_cirlcle_cat()","def welcome_to_cirlcle_cat():
    print(""Welcome to circle cat!"")

welcome_to_cirlcle_cat()
welcome_to_cirlcle_cat()
# 请不要更改此行以下的代码
welcome_to_cirlcle_cat()"
539,4,"param = int(input())

    def get_discount(height):
    if (height < 140):
        return 0
    
print(get_discount(param))","param = int(input())

def get_discount(height):
    if (height < 140):
        return 0
    else:
        return 100
    
print(get_discount(param))"
540,4,"num_spiders=int(input())
if num_spiders!=15:
   web_size=20；
else:
    web_size=num_spiders
web_size*=2
print(web_size)","num_spiders = int(input())
if num_spiders != 15:    
    web_size = 20
else:   
    web_size = num_spiders

web_size = 2 * web_size 
print(web_size)"
541,4,"def welcome_to_circle_cat()
print(""Welcome to circle cat!"")
welcome_to_circle_cat()
welcome_to_circle_cat()","def welcome_to_circle_cat():
    print(""Welcome to circle cat!"")

welcome_to_circle_cat()
welcome_to_circle_cat()
# 请不要更改此行以下的代码
welcome_to_circle_cat()"
542,4,"input_int = int(input())
# 请不要更改此行以上的代码
   num_to_word={0:""零"",1:""一"",2:""二"",3:""三"",4:""四"",5:""五"",6:""六"",7:""七"",8:""八"",9:""九"",10:""十""}
  
# 在这里编写代码

# 请不要更改此行以下的代码
print(num_to_word[input_int])","input_int = int(input())
# 请不要更改此行以上的代码

num_to_word = {1:""一"", 2:""二"", 3:""三"", 4:""四"", 5:""五"", 6:""六"", 7:""七"", 8:""八"", 9:""九"", 10:""十""}

# 请不要更改此行以下的代码
print(num_to_word[input_int])"
543,4,"param = int(input())
def count_ones(param):
    count=0
    for i in str(param):
        if i=='1':
        count=count+1
    return count
print(count_ones(param))","param = int(input())

def count_ones(param):
    count = 0
    for i in str(param):
        if i == ""1"":
            count += 1
    return count
    
print(count_ones(param))"
544,4,"param = int(input())
def print_num(input_num):
    if (input_num = 10):
        print(input_num)
    else：
    print(print_num)","param = int(input())

def print_num(input_num):
    if (input_num == 10):
        print(input_num)

print_num(param)"
545,4,"my_list = [10, 75, 94]
my_guess=int(input())
if my_guess in my_list:
    print(""猜对了"")
else：
    print(""猜错了"")","my_list = [10, 75, 94]
my_guess = int(input())

if  my_guess in my_list:
    print('猜对了')
else:
    print('猜错了')"
546,4,"def welcome_to_cirlcle_cat()：
    print(""welcome to circle cat"")

# 请不要更改此行以下的代码
welcome_to_cirlcle_cat()
    print(""welcome to cirle cat"")
welcome_to_cirlcle_cat()","def welcome_to_cirlcle_cat():
    print(""Welcome to circle cat!"")

welcome_to_cirlcle_cat()
welcome_to_cirlcle_cat()
# 请不要更改此行以下的代码
welcome_to_cirlcle_cat()"
547,4,"print(""你好""
print(""我在吃饭"")
print()","print(""你好"")
print(""我在吃饭"")"
548,4,"print('你好')
print（""我在吃饭""\ ）","print(""你好"")
print(""我在吃饭"")"
549,4,"num_spiders = int(input())
num_cats = int(input())
#在这里补全代码
if num_spiders >10:
    if num_cats > num_spiders:
        print('猫会吃掉蜘蛛')
    else:
        print('猫吃不完蜘蛛')
else：
    print('蜘蛛很少')","num_spiders = int(input())
num_cats = int(input())
if num_spiders > 10:
    if num_cats > num_spiders:
        print(""猫会吃掉蜘蛛"")
    else:
        print(""猫吃不完蜘蛛"")
else:
    print('蜘蛛很少')"
550,4,"num_students=int(input())
if num_students<50:
    print(""没到齐"")
else：
    print(""到齐了"")","num_students = int(input())  

if num_students < 50:
    print('没到齐')
else:
    print('到齐了')"
551,4,"input_int = int(input())
# 请不要更改此行以上的代码

def fib_3(num):
   if num == 0:# 在这里补充代码:
      return 1# 在这里补充代码
   elif num == 1# 在这里补充代码:
      return 1# 在这里补充代码
   elif num == 2# 在这里补充代码:
      return 1# 在这里补充代码
   else:
      return fib_3(num-1) + fib_3(num-2) + fib_3(num-3)# 在这里补充代码

# 请不要更改此行以下的代码
print(fib_3(input_int))","input_int = int(input())
# 请不要更改此行以上的代码
 
def fib_3(num):
   if num == 0:
      return 1
   elif num == 1:
      return 1
   elif num == 2:
      return 1
   else:
      return fib_3(num - 2) + fib_3(num - 1) + fib_3(num - 3)

# 请不要更改此行以下的代码
print(fib_3(input_int))"
552,4,"print（'你好'）
print(""我在吃饭"")","print(""你好"")
print(""我在吃饭"")"
553,4,"film_rate=int(input())
if film_rate>7:
    print(""好看"")
else：
    print(""不好看"")","film_rate = int(input())

if film_rate > 7:
    print('好看')
else:
    print('不好看')"
554,4,"print('I can')
print('swim.')
my_age = '10'
print('my age: '+''my_age)","print('I can')
print('swim.')
my_age = 10
print('my age:', my_age)"
555,4,"karma = int(input())

if karma=5
karma=karma+1

print(karma)","karma = int(input())

karma = karma + 1

print(karma)"
556,4,"num_spiders = int(input())
num_cats = int(input())
if num_spiders>10:
    num_cats>num_spiders
    print('猫会吃掉蜘蛛')
    else:
        print('猫吃不完蜘蛛')
else:
    print('蜘蛛很少')","num_spiders = int(input())
num_cats = int(input())
if num_spiders > 10:
    if num_cats > num_spiders:
        print(""猫会吃掉蜘蛛"")
    else:
        print(""猫吃不完蜘蛛"")
else:
    print('蜘蛛很少')"
557,4,"# 在这里编写代码
def welcome_to_circle_cat()
print(""Welcome to circle cat!"")
# 请不要更改此行以下的代码
welcome_to_circle_cat()
welcome_to_circle_cat()","def welcome_to_circle_cat():
    print(""Welcome to circle cat!"")

welcome_to_circle_cat()
welcome_to_circle_cat()
# 请不要更改此行以下的代码
welcome_to_circle_cat()"
558,4,"param = int(input())

def convert_num(input_num):
    if (input_num >= 10):
       return input_num = input_num - 10
print(convert_num(param))","param = int(input())

def convert_num(input_num):
    if (input_num >= 10):
        input_num = input_num - 10
    print(input_num)

convert_num(param)"
559,4,"for i in range(1,8):
    if i == 4
    break
    print(i)","for i in range(1,8):
    if (i == 4):
        continue
    print(i)"
560,4,"param = int(input())

def print_num(input_num):
    if (input_num = 10):
        print(input_num)
    else:
        return 

print_num(param)","param = int(input())

def print_num(input_num):
    if (input_num == 10):
        print(input_num)

print_num(param)"
561,4,"print('I can')
print('swim.')
my_age = '10'
print('my_age:'+' 'my_age)","print('I can')
print('swim.')
my_age = 10
print('my age:', my_age)"
562,4,"print(""I can"")
print(""swim."")
my_age = ""10""
print('my age:' my_age)","print('I can')
print('swim.')
my_age = 10
print('my age:', my_age)"
563,4,"film_rate=int(input())
if(film_rate>7):
    print('好看')
else：
    print('不好看')","film_rate = int(input())

if film_rate > 7:
    print('好看')
else:
    print('不好看')"
564,4,"film_rate=int(input())

if film_rate > 7:
    print (""好看"")
else：
    print (""不好看"")","film_rate = int(input())

if film_rate > 7:
    print('好看')
else:
    print('不好看')"
565,4,"print(""I can"")
print(""swim."")
my_age = 10
print('my age: 'my_age)","print('I can')
print('swim.')
my_age = 10
print('my age:', my_age)"
566,4,"input_int = int(input())
# 请不要更改此行以上的代码

def fib_3(num):
   if num ==0: # 在这里补充代码:
      return 1# 在这里补充代码
   elif num ==1: # 在这里补充代码:
      return 1# 在这里补充代码
   elif num==2: # 在这里补充代码:
      # return 1 在这里补充代码
   else:
      return fib_3(num-1)+fib_3(num-2)+fib_3(num-3)
      # 在这里补充代码

# 请不要更改此行以下的代码
print(fib_3(input_int))","input_int = int(input())
# 请不要更改此行以上的代码
 
def fib_3(num):
   if num == 0:
      return 1
   elif num == 1:
      return 1
   elif num == 2:
      return 1
   else:
      return fib_3(num - 2) + fib_3(num - 1) + fib_3(num - 3)

# 请不要更改此行以下的代码
print(fib_3(input_int))"
567,4,"def welcome_to_cirlcle_cat():
 print(""Welcome to circle cat!"")
 welcome_to_cirlcle_cat():
# 在这里编写代码

# 请不要更改此行以下的代码
welcome_to_cirlcle_cat()","def welcome_to_cirlcle_cat():
    print(""Welcome to circle cat!"")

welcome_to_cirlcle_cat()
welcome_to_cirlcle_cat()
# 请不要更改此行以下的代码
welcome_to_cirlcle_cat()"
568,4,"# 在这里编写代码
def welcome_to_cirlcle_cat()：
    print (""Welcome to circle cat!"")

# 请不要更改此行以下的代码
welcome_to_cirlcle_cat()
welcome_to_cirlcle_cat()","def welcome_to_cirlcle_cat():
    print(""Welcome to circle cat!"")

welcome_to_cirlcle_cat()
welcome_to_cirlcle_cat()
# 请不要更改此行以下的代码
welcome_to_cirlcle_cat()"
569,4,"film_rate=int(input())
if （film_rate>7）：
    print('好看')
else：
    print('不好看')","film_rate = int(input())

if film_rate > 7:
    print('好看')
else:
    print('不好看')"
570,4,"print(""你好"",,""再见"")","print(""       你好\n再见"")"
571,4,"print(""I can"")
print(""swim."")
my_age =10 
print('my age: ' my_age)","print('I can')
print('swim.')
my_age = 10
print('my age:', my_age)"
572,4,"def welcome_to_circle_cat()：
  print(""Welcome to circle cat!"")
welcome_to_circle_cat()
# 请不要更改此行以下的代码
welcome_to_circle_cat()","def welcome_to_circle_cat():
    print(""Welcome to circle cat!"")

welcome_to_circle_cat()
welcome_to_circle_cat()
# 请不要更改此行以下的代码
welcome_to_circle_cat()"
573,4,"def user_age = int(input())
    if user_age == 18
        num_candles = 18
    else:
        num_candles = 3
        
print num_candles","user_age = int(input())
if user_age == 18:  
    num_candles = 18
else:
    num_candles = 3
print(num_candles)"
574,4,"def welcome_to_circle_cat()
print(""Welcome to circle cat!"")

# 请不要更改此行以下的代码
welcome_to_circle_cat()
welcome_to_circle_cat()","def welcome_to_circle_cat():
    print(""Welcome to circle cat!"")

welcome_to_circle_cat()
welcome_to_circle_cat()
# 请不要更改此行以下的代码
welcome_to_circle_cat()"
575,4,"# 在这里编写代码
def welcome_to_circle_cat():
print(""Welcome to circal cat!"")
welcome_to_circle_cat()
# 请不要更改此行以下的代码
welcome_to_circle_cat()","def welcome_to_circle_cat():
    print(""Welcome to circle cat!"")

welcome_to_circle_cat()
welcome_to_circle_cat()
# 请不要更改此行以下的代码
welcome_to_circle_cat()"
576,4,"for i in range(1,8):
        if i == 4:
    continue
    print(i)","for i in range(1,8):
    if (i == 4):
        continue
    print(i)"
577,4,"def welcome_to_circle_cat()
 print(""Welcome to circle cat!"")

welcome_to_circle_cat()
welcome_to_circle_cat()","def welcome_to_circle_cat():
    print(""Welcome to circle cat!"")

welcome_to_circle_cat()
welcome_to_circle_cat()
# 请不要更改此行以下的代码
welcome_to_circle_cat()"
578,4,"for i in range(1,8):
    # 在此处补全代码
    if i == 4
       break;
    print(i)","for i in range(1,8):
    if (i == 4):
        continue
    print(i)"
579,4,"karma = int(input(5))

# 在这里填写代码
karma + = 1
print(karma)","karma = int(input())

karma = karma + 1

print(karma)"
580,4,"age = int(input())
weight = int(input())
heart_rate = int(input())
time = int(int(input()))

# 在此处补全代码
calories_burned = ((age * 0.2757) + (weight * 0.03295) + (heart_rate * 1.0781) - 75.4991) * time / 8.368 print(calories_burned)
print(calories_burned)","age = int(input())
weight = int(input())
heart_rate = int(input())
time = int(int(input()))

calories_burned = ((age * 0.2757) + (weight * 0.03295) + (heart_rate * 1.0781) - 75.4991) * time / 8.368

print(calories_burned)"
581,4,"for i in range(1,8):
    # 在此处补全代码
     if i == 4:  
        continue  # 如果数字是4，跳过当前的迭代  
    print(i)","for i in range(1,8):
    if (i == 4):
        continue
    print(i)"
582,4,"print(""I can"")
print(""swim."")
my_age =""10""
print('my age:'my_age)","print('I can')
print('swim.')
my_age = 10
print('my age:', my_age)"
583,4,"test_param = input()
# 请不要更改此行以上的代码

# 在这里编写代码
score_dict={'john':'90','jane':'100','james':'0'}
status_dict{'john':'active','jane':'active','james':'inactive'}

# 请不要更改此行以下的代码
print(score_dict[test_param])
print(status_dict[test_param])","test_param = input()
# 请不要更改此行以上的代码

score_dict = {'john':90, 'jane':100, 'james':0}
status_dict = {'john':'active', 'jane':'active', 'james':'inactive'}

# 请不要更改此行以下的代码
print(score_dict[test_param])
print(status_dict[test_param])"
584,4,"for i in range(0, 10):
    print(i)
    # 在这里补全代码
    if i == 6：
    break","for i in range(0, 10):
    print(i)
    if (i == 5):
        break"
585,4,"print(""I can"")
print(""swim."")
my_age = 10
print(""my age:"" :my_age)","print('I can')
print('swim.')
my_age = 10
print('my age:', my_age)"
586,4,"print(""00000""+\)
print(""0 0 0""+\)
print(""00000"")","print(""00000"")
print(""0 0 0"")
print(""00000"")"
587,4,"print('       你好')
print（'再见'）","print(""       你好\n再见"")"
588,4,"def welcome_to_circle_cat()：
print(""Welcome to circle cat!"")
welcome_to_circle_cat()
welcome_to_circle_cat()","def welcome_to_circle_cat():
    print(""Welcome to circle cat!"")

welcome_to_circle_cat()
welcome_to_circle_cat()
# 请不要更改此行以下的代码
welcome_to_circle_cat()"
589,4,"num_spiders=int(input())
web_size=1
if num_spiders==10:
    web_size=2*web_size
else:
    web_size=3*web_size
     num_spiders=5+num_spiders
print(num_spiders,web_size)","num_spiders = int(input())
web_size = 1
if num_spiders == 10:   
    web_size = 2 * web_size
else:
    web_size = 3 * web_size
    num_spiders = num_spiders + 5
print(num_spiders,web_size)"
590,4,"user_age()=int(input())
if user_age()==18:
    num_candles=18
else:
    num_candles=3
print(num_candles)","user_age = int(input())
if user_age == 18:  
    num_candles = 18
else:
    num_candles = 3
print(num_candles)"
591,4,"print(""I can"")
print(""swim.)
my_age = 10
print('my age:' ,my_age)","print('I can')
print('swim.')
my_age = 10
print('my age:', my_age)"
592,4,"for i in range(1,8):
if i == 4 :
    continue
else :
    print(i)","for i in range(1,8):
    if (i == 4):
        continue
    print(i)"
593,4,"print('I can')
print('swim.')
my_age = 10
print('my age:,my_age)","print('I can')
print('swim.')
my_age = 10
print('my age:', my_age)"
594,4,"def welcome_to_circle_cat()

 print(""Welcome to circle cat!"")
welcome_to_circle_cat()
welcome_to_circle_cat()","def welcome_to_circle_cat():
    print(""Welcome to circle cat!"")

welcome_to_circle_cat()
welcome_to_circle_cat()
# 请不要更改此行以下的代码
welcome_to_circle_cat()"
595,4,"film_rate = int(input())
if film_rate>7
    print(""好看"")
else print(""不好看"")","film_rate = int(input())

if film_rate > 7:
    print('好看')
else:
    print('不好看')"
596,4,"print(""""\""生日快乐!\"""")","print(""生日快乐！"")"
597,4,"def welcome_to_circle_cat()
print(""Welcome to circle cat!"")
# 请不要更改此行以下的代码
welcome_to_circle_cat()
welcome_to_circle_cat()","def welcome_to_circle_cat():
    print(""Welcome to circle cat!"")

welcome_to_circle_cat()
welcome_to_circle_cat()
# 请不要更改此行以下的代码
welcome_to_circle_cat()"
598,4,"film_rate = int(input())
if film_rate > 7
    print(""好看"")
else print(""不好看"")","film_rate = int(input())

if film_rate > 7:
    print('好看')
else:
    print('不好看')"
599,4,"num_spiders = int(input())
num_cats = int(input())
#在这里补全代码
if num_spiders > 10 and num_cats > num_spiders:
    print('猫会吃掉蜘蛛')
else:
    print('猫吃不完蜘蛛')
else:
    print('蜘蛛很少')","num_spiders = int(input())
num_cats = int(input())
if num_spiders > 10:
    if num_cats > num_spiders:
        print(""猫会吃掉蜘蛛"")
    else:
        print(""猫吃不完蜘蛛"")
else:
    print('蜘蛛很少')"
600,4,"print(""你好"")
print（""我在吃饭""）
print()","print(""你好"")
print(""我在吃饭"")"
601,4,"input_int = int(input())
# 请不要更改此行以上的代码

def power_of_two(num):
    if num == 0# 在此补充:
        return 1# 在此补充
    else:
        return 2 ** power_of_two(num) # 在此补充

# 请不要更改此行以下的代码
print(power_of_two(input_int))","input_int = int(input())
# 请不要更改此行以上的代码

def power_of_two(num):
    if num == 0:
        return 1
    else:
        return 2 * power_of_two(num - 1)

# 请不要更改此行以下的代码
print(power_of_two(input_int))"
602,4,"print(""I can"")
print(""swim."")
my_age =10 
print('my age:' 10)","print('I can')
print('swim.')
my_age = 10
print('my age:', my_age)"
603,4,"num_students = int(input())
if num_students < 50
   print(""没到齐"")
else
   print(""到齐了"")","num_students = int(input())  

if num_students < 50:
    print('没到齐')
else:
    print('到齐了')"
604,4,"param = int(input())

def print_num(input_num):
    if (input_num = 10):
        print(input_num)
    else:
        break

print_num(param)","param = int(input())

def print_num(input_num):
    if (input_num == 10):
        print(input_num)

print_num(param)"
605,4,"def welcome_to_circle_cat()
    print (""Welcome to circle cat!"")

welcome_to_circle_cat()
# 请不要更改此行以下的代码
welcome_to_circle_cat()","def welcome_to_circle_cat():
    print(""Welcome to circle cat!"")

welcome_to_circle_cat()
welcome_to_circle_cat()
# 请不要更改此行以下的代码
welcome_to_circle_cat()"
606,4,"print(""00000"");
print(""0 0 0"");
print（""00000"");","print(""00000"")
print(""0 0 0"")
print(""00000"")"
607,4,"# 在这里编写代码

# 请不要更改此行以下的代码
welcome_to_cirlcle_cat():
    print(""Welcome to circle cat!"")
    
welcome_to_cirlcle_cat()
welcome_to_cirlcle_cat()","def welcome_to_cirlcle_cat():
    print(""Welcome to circle cat!"")

welcome_to_cirlcle_cat()
welcome_to_cirlcle_cat()
# 请不要更改此行以下的代码
welcome_to_cirlcle_cat()"
608,4,"num1=int(input()
num2=int(input()
print=num1+num2","num1 = int(input())
num2 = int(input())
print (num1 + num2)"
609,4,"input_int = int(input())
# 请不要更改此行以上的代码

def fib_3(num):
   if num == 0# 在这里补充代码:
      return 1# 在这里补充代码
   elif num ==1 # 在这里补充代码:
      return 1# 在这里补充代码
   elif num == 2:
       return 1# 在这里补充代码:
      # 在这里补充代码
   else:
       
      return fib_3(num-1)+fib_3(num-2)+fib_3(num-3)# 在这里补充代码

# 请不要更改此行以下的代码
print(fib_3(input_int))","input_int = int(input())
# 请不要更改此行以上的代码
 
def fib_3(num):
   if num == 0:
      return 1
   elif num == 1:
      return 1
   elif num == 2:
      return 1
   else:
      return fib_3(num - 2) + fib_3(num - 1) + fib_3(num - 3)

# 请不要更改此行以下的代码
print(fib_3(input_int))"
610,4,"num_spiders = int(input())
num_cats = int(input())
#在这里补全代码
if num_spiders > 10:
    num_cats > num_spiders
    print(""猫会吃掉蜘蛛"")
elif:
    print(""猫吃不完蜘蛛"")
else:
    print(""蜘蛛很少"")","num_spiders = int(input())
num_cats = int(input())
if num_spiders > 10:
    if num_cats > num_spiders:
        print(""猫会吃掉蜘蛛"")
    else:
        print(""猫吃不完蜘蛛"")
else:
    print('蜘蛛很少')"
611,4,"my_list = [10, 75, 94]

my_guess = int(input())

if my_guess in my_list:
    print(""猜对了"")
else：
    print(""猜错了"")","my_list = [10, 75, 94]
my_guess = int(input())

if  my_guess in my_list:
    print('猜对了')
else:
    print('猜错了')"
612,4,"user_age = int(input(""请输入您的年龄:""))
    if user_age == 18
       num_candles == 18
    else:
       num_candles == 3
print(num_candles)","user_age = int(input())
if user_age == 18:  
    num_candles = 18
else:
    num_candles = 3
print(num_candles)"
613,4,"age = int(input())

print(""my age is "" + str（int（age））)","age = int(input())

print(""my age is "" + str(age))"
614,4,"num_students = int(input())
if num_students < 50:
    print(""没到齐"")
else：
    print(""到齐了"")","num_students = int(input())  

if num_students < 50:
    print('没到齐')
else:
    print('到齐了')"
615,4,"film_rate=int(input())
if （film_rate>7):
    print('好看')
else：
    print('不好看')","film_rate = int(input())

if film_rate > 7:
    print('好看')
else:
    print('不好看')"
616,4,"num_spiders = int(input())
num_cats = int(input())

if num_spiders > 10:
    if num_cats > num_spiders:
        print(""猫会吃掉蜘蛛"")
    else if num_cats<=num_spiders:
        print(""猫吃不完蜘蛛"")
else:
    print('蜘蛛很少')
#在这里补全代码","num_spiders = int(input())
num_cats = int(input())
if num_spiders > 10:
    if num_cats > num_spiders:
        print(""猫会吃掉蜘蛛"")
    else:
        print(""猫吃不完蜘蛛"")
else:
    print('蜘蛛很少')"
617,4,"for i in range(0, 10):
    print(i)
    # 在这里补全代码
if i > 6:
break","for i in range(0, 10):
    print(i)
    if (i == 5):
        break"
618,4,"user_age = int(input())
if user_age == 18:
    num_candles == 18
else:

print(num_candles)","user_age = int(input())
if user_age == 18:  
    num_candles = 18
else:
    num_candles = 3
print(num_candles)"
619,4,"num_spiders = int(input())
num_cats = int(input())
#在这里补全代码
if num_spiders > 10 and num_cats > num_spiders:
    print(""猫会吃掉蜘蛛"")
elif:
    print(""猫吃不完蜘蛛"")
else:
    print(""蜘蛛很少"")","num_spiders = int(input())
num_cats = int(input())
if num_spiders > 10:
    if num_cats > num_spiders:
        print(""猫会吃掉蜘蛛"")
    else:
        print(""猫吃不完蜘蛛"")
else:
    print('蜘蛛很少')"
620,4,"print(""I can"")
print(""swim.)
my_age = 10
print('my age:', my_age)","print('I can')
print('swim.')
my_age = 10
print('my age:', my_age)"
621,4,"num_spiders = int(input())
num_cats = int(input())
#在这里补全代码
if num_spiders > 10:
if num_cats > num_spiders:
    print(""猫会吃掉蜘蛛"")
elif num_cats <= num_spiders:
    print(""猫吃不完蜘蛛"")
else:
    print('蜘蛛很少')","num_spiders = int(input())
num_cats = int(input())
if num_spiders > 10:
    if num_cats > num_spiders:
        print(""猫会吃掉蜘蛛"")
    else:
        print(""猫吃不完蜘蛛"")
else:
    print('蜘蛛很少')"
622,4,"param = int(input())

def print_num(param):
    if param = 10):
        print(input_num)

print_num(param)","param = int(input())

def print_num(input_num):
    if (input_num == 10):
        print(input_num)

print_num(param)"
623,4,"input_list_0 = input().split(',')
input_list_1 = input().split(',')
# 请不要更改此行以上的代码

# 在这里编写代码
my_list = input_list_0 + input_list_1
del my_list[0]
'x' = my_list[0]
# 请不要更改此行以下的代码
print("","".join(my_list))","input_list_0 = input().split(',')
input_list_1 = input().split(',')
# 请不要更改此行以上的代码

my_list = input_list_0 + input_list_1
del my_list[0]
my_list[0] = 'x'

# 请不要更改此行以下的代码
print("","".join(my_list))"
624,4,"print('I can')
print('swim.')
my_age = '10'
print('my age:+''+ my_age)","print('I can')
print('swim.')
my_age = 10
print('my age:', my_age)"
625,4,"num_students=int(input())
if num_students<50
    print(""没到齐"")：
else:
    print(""到齐了"")","num_students = int(input())  

if num_students < 50:
    print('没到齐')
else:
    print('到齐了')"
626,4,"def welcome_to_cirlcle_cat():
    print(""Welcome to circle cat!"")
welcome_to_cirlcle_cat():
welcome_to_cirlcle_cat():","def welcome_to_cirlcle_cat():
    print(""Welcome to circle cat!"")

welcome_to_cirlcle_cat()
welcome_to_cirlcle_cat()
# 请不要更改此行以下的代码
welcome_to_cirlcle_cat()"
627,4,"for i in range(1,8):
    # 在此处补全代码
        if i == 4:
        continue
    print(i)","for i in range(1,8):
    if (i == 4):
        continue
    print(i)"
628,4,"for i in range(1,8):
    if i==1，2，3，5，6，7:
        print(i)","for i in range(1,8):
    if (i == 4):
        continue
    print(i)"
629,4,print('       你好\n再见')print(),"print(""       你好\n再见"")"
630,4," print(""你好"")
 print(""我在吃饭"")
 print("" "")","print(""你好"")
print(""我在吃饭"")"
631,4,"for i in range(0, 10):
    print(i)
    # 在这里补全代码
    if i > 6:
    break","for i in range(0, 10):
    print(i)
    if (i == 5):
        break"
632,4,"print('I can')
print('swim.')
my_age='10'
print('my_age:'+' 'my_age)","print('I can')
print('swim.')
my_age = 10
print('my age:', my_age)"
633,4,"def welcome_to_circle_cat()：
 print(""Welcome to circle cat!"")
welcome_to_circle_cat()
welcome_to_circle_cat()","def welcome_to_circle_cat():
    print(""Welcome to circle cat!"")

welcome_to_circle_cat()
welcome_to_circle_cat()
# 请不要更改此行以下的代码
welcome_to_circle_cat()"
634,4,"user_age=int(input("""")):
    if user_age==18:
        num_candles==18
    else:
        num_candles==3
        print(num_candles)","user_age = int(input())
if user_age == 18:  
    num_candles = 18
else:
    num_candles = 3
print(num_candles)"
635,4,"input_int = int(input())
# 请不要更改此行以上的代码
num_to_word={0:""零""，
1:""一"",
2:""二"",
3:""三"",
4:""四"",
5:""五"",
6:""六"",
7:""七"",
8:""八"",
9:""九"",
10:""十""}
# 在这里编写代码

# 请不要更改此行以下的代码
print(num_to_word[input_int])","input_int = int(input())
# 请不要更改此行以上的代码

num_to_word = {1:""一"", 2:""二"", 3:""三"", 4:""四"", 5:""五"", 6:""六"", 7:""七"", 8:""八"", 9:""九"", 10:""十""}

# 请不要更改此行以下的代码
print(num_to_word[input_int])"
636,4,"def welcome_to_circle_cat()
 print(""Welcome to circle cat!"")
welcome_to_circle_cat()
welcome_to_circle_cat()","def welcome_to_circle_cat():
    print(""Welcome to circle cat!"")

welcome_to_circle_cat()
welcome_to_circle_cat()
# 请不要更改此行以下的代码
welcome_to_circle_cat()"
637,4,"param = int(input())

def print_num(input_num):
    if input_num == 10:
        print input_num
print_num(param)","param = int(input())

def print_num(input_num):
    if (input_num == 10):
        print(input_num)

print_num(param)"
638,4,"for i in range(0, 10):
    print(i)
    if i <= 5:","for i in range(0, 10):
    print(i)
    if (i == 5):
        break"
639,4,"for i in range(1,8):
    if i=4
    continue
    # 在此处补全代码
    print(i)","for i in range(1,8):
    if (i == 4):
        continue
    print(i)"
640,4,"param = int(input())

def convert_num(input_num):
    if (input_num >= 10):
       return input_num = input_num - 10

print(convert_num(param))","param = int(input())

def convert_num(input_num):
    if (input_num >= 10):
        input_num = input_num - 10
    print(input_num)

convert_num(param)"
641,4,"num_spiders = int(input())
num_cats = int(input())
if num_spiders > 10:
	if num_cats > num_spiders:
	    print(""猫会吃掉蜘蛛"")
else num_cats<=num_spiders:
    print(""猫吃不完蜘蛛"")
else:
    print(""蜘蛛很少"")","num_spiders = int(input())
num_cats = int(input())
if num_spiders > 10:
    if num_cats > num_spiders:
        print(""猫会吃掉蜘蛛"")
    else:
        print(""猫吃不完蜘蛛"")
else:
    print('蜘蛛很少')"
642,4,"for i in range(0, 10):
    print(i)
    # 在这里补全代码
   if i == 6:
      break","for i in range(0, 10):
    print(i)
    if (i == 5):
        break"
643,4,"# 在这里补全代码
def num_students(100):
print(num_students)","num_students = 100

print(num_students)"
644,4,"def welcome_to_cirlcle_cat()：
    print(""welcome to circle cat"")
welcome_to_cirlcle_cat()
    print(""welcome to circle cat"")
# 请不要更改此行以下的代码
welcome_to_cirlcle_cat()","def welcome_to_cirlcle_cat():
    print(""Welcome to circle cat!"")

welcome_to_cirlcle_cat()
welcome_to_cirlcle_cat()
# 请不要更改此行以下的代码
welcome_to_cirlcle_cat()"
645,4,"print('I can')
print('swim.')
my_age = '10'
print('my age:'#my_age)","print('I can')
print('swim.')
my_age = 10
print('my age:', my_age)"
646,4,"my_list = [10, 75, 94]
my_guess = int(input())
 if （my_guess in my_list）:
    print(""猜对了"")
 else:
     print(""猜错了"")","my_list = [10, 75, 94]
my_guess = int(input())

if  my_guess in my_list:
    print('猜对了')
else:
    print('猜错了')"
647,4,"karma = int(input())

# 在这里填写代

karma +=

print(karma)","karma = int(input())

karma = karma + 1

print(karma)"
648,4,"num_spiders = int(input())
num_cats = int(input())
if num_spiders > 10:
    if num_cats>num_spiders:
        print(""猫会吃掉蜘蛛"")
    else num_spiders <= num_spiders:
        print(""猫吃不完蜘蛛"")
else:
    print(""蜘蛛很少"")","num_spiders = int(input())
num_cats = int(input())
if num_spiders > 10:
    if num_cats > num_spiders:
        print(""猫会吃掉蜘蛛"")
    else:
        print(""猫吃不完蜘蛛"")
else:
    print('蜘蛛很少')"
649,4,"for i in range(1,8):
if i==4 :
    continue
else :
    print(i)","for i in range(1,8):
    if (i == 4):
        continue
    print(i)"
650,4,"cat_age=int(input())
if(1 =< cat_age =< 10):
    print('可以上飞机')
else:
    print('不能上飞机')","cat_age = int(input())

if  (1 <= cat_age <= 10):
    print('可以上飞机')
else:
    print('不能上飞机')"
651,4,"for i in range(1,8):
    if i==4
    pass 
    print(i)","for i in range(1,8):
    if (i == 4):
        continue
    print(i)"
652,4,"param = int(input())

def print_num(input_num):
    if (input_num=10):
        print(input_num)

print(print_num(param))","param = int(input())

def print_num(input_num):
    if (input_num == 10):
        print(input_num)

print_num(param)"
653,4,"int user_age = input()
if user_age == 18:
    num_candles = 18
else:
    num_candles = 3
print(num_candles)","user_age = int(input())
if user_age == 18:  
    num_candles = 18
else:
    num_candles = 3
print(num_candles)"
654,5,"input_int = int(input())
# 请不要更改此行以上的代码

def fib_3(num):
   if num ==0 # 在这里补充代码:
      return 1# 在这里补充代码
   elif num == 1# 在这里补充代码:
      return 1 # 在这里补充代码
   elif num==2:
       return 1# 在这里补充代码:
      # 在这里补充代码
   else:
      return fib_3(num)+fib_3(num-1)+fib_3(num-2)# 在这里补充代码

# 请不要更改此行以下的代码
print(fib_3(input_int))","input_int = int(input())
# 请不要更改此行以上的代码
 
def fib_3(num):
   if num == 0:
      return 1
   elif num == 1:
      return 1
   elif num == 2:
      return 1
   else:
      return fib_3(num - 2) + fib_3(num - 1) + fib_3(num - 3)

# 请不要更改此行以下的代码
print(fib_3(input_int))"
655,5,"num_students = int(input())

if num_students<50:
    print(""没到齐"")
else:
    print（""到齐了""）","num_students = int(input())  

if num_students < 50:
    print('没到齐')
else:
    print('到齐了')"
656,5,"param = int(input())

def print_num(input_num):
    if (input_num = 10):
        print(input_num)
    else:
        return;
print_num(param)","param = int(input())

def print_num(input_num):
    if (input_num == 10):
        print(input_num)

print_num(param)"
657,5,"input_int = int(input())
# 请不要更改此行以上的代码

def days_left_to_sunday(day):
    if day < 7:
        print(""还有"" + str(7 - day) + ""天到周日"")
        days_left_to_sunday（day - 1）
    else:
        print(""到周日了!"")

# 请不要更改此行以下的代码
days_left_to_sunday(input_int)","input_int = int(input())
# 请不要更改此行以上的代码

def days_left_to_sunday(day):
    if day < 7:
        print(""还有"" + str(7 - day) + ""天到周日"")
        days_left_to_sunday(day + 1)
    else:
        print(""到周日了!"")

# 请不要更改此行以下的代码
days_left_to_sunday(input_int)"
658,5,"karma = int(input(5))
karma= int(karma+1))
# 在这里填写代码

print(karma)","karma = int(input())

karma = karma + 1

print(karma)"
659,5,"input_int = int(input())
# 请不要更改此行以上的代码

def power_of_two(num):
    if num == 0  # 在此补充:0
        # 在此补充
        return 1
    else:
        # 在此补充
        return power_of_two(num-1)*2

# 请不要更改此行以下的代码
print(power_of_two(input_int))","input_int = int(input())
# 请不要更改此行以上的代码

def power_of_two(num):
    if num == 0:
        return 1
    else:
        return 2 * power_of_two(num - 1)

# 请不要更改此行以下的代码
print(power_of_two(input_int))"
660,5,"input_int = int(input())
# 请不要更改此行以上的代码

def power_of_two(num):
    if num == 0# 在此补充:
        # 在此补充
        return 1
    else:
        # 在此补充
        return power_of_two(num - 1) * 2

# 请不要更改此行以下的代码
print(power_of_two(input_int))","input_int = int(input())
# 请不要更改此行以上的代码

def power_of_two(num):
    if num == 0:
        return 1
    else:
        return 2 * power_of_two(num - 1)

# 请不要更改此行以下的代码
print(power_of_two(input_int))"
661,5,"age = int(input())
weight = int(input())
heart_rate = int(input())
time = int(int(input()))

# 在此处补全代码
calories_burned=((age*0.2757+weight*0.03295+heart_rate*1.0781)-75.4991)time/8.368
print(calories_burned)","age = int(input())
weight = int(input())
heart_rate = int(input())
time = int(int(input()))

calories_burned = ((age * 0.2757) + (weight * 0.03295) + (heart_rate * 1.0781) - 75.4991) * time / 8.368

print(calories_burned)"
662,5,"input_int = int(input())
# 请不要更改此行以上的代码

def fib_3(num):
   if num == 2:
       return 1# 在这里补充代码
   elif num == 1:
       return 1# 在这里补充代码
   elif num == 0:
       return 1# 在这里补充代码:
      # 在这里补充代码
   else:
      return return fib_3(num-1)+fib_3(num-2)+fib_3(num-3)# 在这里补充代码

# 请不要更改此行以下的代码
print(fib_3(input_int))","input_int = int(input())
# 请不要更改此行以上的代码
 
def fib_3(num):
   if num == 0:
      return 1
   elif num == 1:
      return 1
   elif num == 2:
      return 1
   else:
      return fib_3(num - 2) + fib_3(num - 1) + fib_3(num - 3)

# 请不要更改此行以下的代码
print(fib_3(input_int))"
663,5,"input_int_0 = int(input())
input_int_1 = int(input())
# 请不要更改此行以上的代码

def palindrome(x, y):
        if x == 0:
        return '0'
    else:
        left = str(x*y) + ' '
        mid = palindrome(x - 1,y)
        right = ' ' + str(x*y)
        return left + mid + right

# 请不要更改此行以下的代码
print(palindrome(input_int_0, input_int_1))","input_int_0 = int(input())
input_int_1 = int(input())
# 请不要更改此行以上的代码

def palindrome(x, y):
    if x == 0:
        return ""0""
    else:
        left = str(x * y) + "" ""
        mid = palindrome(x - 1, y)
        right = "" "" + str(x * y)
    
        return left + mid + right

# 请不要更改此行以下的代码
print(palindrome(input_int_0, input_int_1))"
664,5,"input_int = int(input())
# 请不要更改此行以上的代码

def power_of_two(num):
    if num == 0 
        return 1 
    else:
        return power_of_two(num-1)*2

# 请不要更改此行以下的代码
print(power_of_two(input_int))","input_int = int(input())
# 请不要更改此行以上的代码

def power_of_two(num):
    if num == 0:
        return 1
    else:
        return 2 * power_of_two(num - 1)

# 请不要更改此行以下的代码
print(power_of_two(input_int))"
665,5,"param = int(input())

def print_num(input_num):
    if (input_num=10):
       return(input_num)

print(print_num(param))","param = int(input())

def print_num(input_num):
    if (input_num == 10):
        print(input_num)

print_num(param)"
666,5,"karma = int(input(5))
karma=int(karma+1))
# 在这里填写代码

print(karma)","karma = int(input())

karma = karma + 1

print(karma)"
667,5,"for i in range(1,8):
    # 在此处补全代码
    for i != 4:
      print(i)","for i in range(1,8):
    if (i == 4):
        continue
    print(i)"
668,5,"num_spiders=int(input())
if num_spiders!==15:
    web_size=20
else:
    web_size=num_spiders
web_size=web_size*2
print(web_size)","num_spiders = int(input())
if num_spiders != 15:    
    web_size = 20
else:   
    web_size = num_spiders

web_size = 2 * web_size 
print(web_size)"
669,5,"input_int = int(input())
# 请不要更改此行以上的代码

def days_left_to_sunday(day):
    if day < 7:
        print(""还有"" + str(7 - day) + ""天到周日"")
        #在这里添加一行代码
        days_left_to_sunday((day += 7) - 1)
        
    else:
        print(""到周日了!"")

# 请不要更改此行以下的代码
days_left_to_sunday(input_int)","input_int = int(input())
# 请不要更改此行以上的代码

def days_left_to_sunday(day):
    if day < 7:
        print(""还有"" + str(7 - day) + ""天到周日"")
        days_left_to_sunday(day + 1)
    else:
        print(""到周日了!"")

# 请不要更改此行以下的代码
days_left_to_sunday(input_int)"
670,5,"input_int = int(input())
# 请不要更改此行以上的代码

def power_of_two(num):
    if num ==0 # 在此补充:
        return 1 # 在此补充
    else:
        return power_of_two(num-1)*2

# 请不要更改此行以下的代码
print(power_of_two(input_int))","input_int = int(input())
# 请不要更改此行以上的代码

def power_of_two(num):
    if num == 0:
        return 1
    else:
        return 2 * power_of_two(num - 1)

# 请不要更改此行以下的代码
print(power_of_two(input_int))"
671,5,"print(00000)
print(0 0 0)
print(00000)","print(""00000"")
print(""0 0 0"")
print(""00000"")"
672,5,"num_spiders=int(input())
if num_spiders!=15:
    web_size=20
else
    web_size=num_spiders
    web_size=web_size*2
print(web_size)","num_spiders = int(input())
if num_spiders != 15:    
    web_size = 20
else:   
    web_size = num_spiders

web_size = 2 * web_size 
print(web_size)"
673,5,"num_students = int(input())
if num_students < 50：
    print(""没到齐"")
else：
    print(""到齐了"")","num_students = int(input())  

if num_students < 50:
    print('没到齐')
else:
    print('到齐了')"
674,5,"input_int = int(input())
# 请不要更改此行以上的代码

def power_of_two(num):
    if num == 0：
        return 1
    # 在此补充:
        # 在此补充
    else:
        return power_of_two(num-1)*2
        # 在此补充

# 请不要更改此行以下的代码
print(power_of_two(input_int))","input_int = int(input())
# 请不要更改此行以上的代码

def power_of_two(num):
    if num == 0:
        return 1
    else:
        return 2 * power_of_two(num - 1)

# 请不要更改此行以下的代码
print(power_of_two(input_int))"
675,5,"num_spiders = int(input())
num_cats = int(input())
if num_cats > num_spiders:
    print(""猫会吃掉蜘蛛"")
else:
    print(""猫吃不完蜘蛛"")
else:
    print('蜘蛛很少')","num_spiders = int(input())
num_cats = int(input())
if num_spiders > 10:
    if num_cats > num_spiders:
        print(""猫会吃掉蜘蛛"")
    else:
        print(""猫吃不完蜘蛛"")
else:
    print('蜘蛛很少')"
676,5,"input_int = int(input())
# 请不要更改此行以上的代码

def power_of_two(num):
    if num == 0# 在此补充:
        return 1# 在此补充
    else:
        return power_of_two(num-1)*2
        # 在此补充

# 请不要更改此行以下的代码
print(power_of_two(input_int))","input_int = int(input())
# 请不要更改此行以上的代码

def power_of_two(num):
    if num == 0:
        return 1
    else:
        return 2 * power_of_two(num - 1)

# 请不要更改此行以下的代码
print(power_of_two(input_int))"
677,5,"for i in range(1,8):
    if i=1，2，3，5，6，7:
        print(i)","for i in range(1,8):
    if (i == 4):
        continue
    print(i)"
678,5,"input_int = int(input())
# 请不要更改此行以上的代码

def power_of_two(num):
    if num ==0 # 在此补充:
        # 在此补充
        return 1 
    else:
        # 在此补充
        
        return power_of_two(num-1)*2

# 请不要更改此行以下的代码
print(power_of_two(input_int))","input_int = int(input())
# 请不要更改此行以上的代码

def power_of_two(num):
    if num == 0:
        return 1
    else:
        return 2 * power_of_two(num - 1)

# 请不要更改此行以下的代码
print(power_of_two(input_int))"
679,5,"print(0000)
print(0 0 0)
print(0000)","print(""00000"")
print(""0 0 0"")
print(""00000"")"
680,5,"num_students=int(input())
if num_students<50：
    print(""没到齐"")
else：
    print(""到齐了"")","num_students = int(input())  

if num_students < 50:
    print('没到齐')
else:
    print('到齐了')"
681,5,"print(""I can"")
print(""swim."")
my_age=""10""
print(""my age:"" my_age)","print('I can')
print('swim.')
my_age = 10
print('my age:', my_age)"
682,5,"for i in range(1,8):
    if i != 4
    print(i)","for i in range(1,8):
    if (i == 4):
        continue
    print(i)"
683,5,"for i in range(0, 10):
    print(i)
    # 在这里补全代码
    if i>6
    break","for i in range(0, 10):
    print(i)
    if (i == 5):
        break"
684,5,"num_spiders = int(input())

if num_spiders != 15;
    web_size = 20
else:
    web_size = num_spiders

web_size = web_size * 2
print(web_size)","num_spiders = int(input())
if num_spiders != 15:    
    web_size = 20
else:   
    web_size = num_spiders

web_size = 2 * web_size 
print(web_size)"
685,5,"input_int = int(input())
# 请不要更改此行以上的代码

def fib_3(num):
   if num == 0： # 在这里补充代码:
      return 1 # 在这里补充代码
   elif num == 1：# 在这里补充代码:
      return 1 # 在这里补充代码
   elif num ==2： # 在这里补充代码:
       return 1 # 在这里补充代码
   else:
      return fib_3(num-1)+fib_3(num-2)+fib_3(num-3)# 在这里补充代码

# 请不要更改此行以下的代码
print(fib_3(input_int))","input_int = int(input())
# 请不要更改此行以上的代码
 
def fib_3(num):
   if num == 0:
      return 1
   elif num == 1:
      return 1
   elif num == 2:
      return 1
   else:
      return fib_3(num - 2) + fib_3(num - 1) + fib_3(num - 3)

# 请不要更改此行以下的代码
print(fib_3(input_int))"
686,5,"input_int = int(input())
# 请不要更改此行以上的代码

def power_of_two(num):
    if num == 0
        return 1
    else:
        return power_of_two(num-1)*2

# 请不要更改此行以下的代码
print(power_of_two(input_int))","input_int = int(input())
# 请不要更改此行以上的代码

def power_of_two(num):
    if num == 0:
        return 1
    else:
        return 2 * power_of_two(num - 1)

# 请不要更改此行以下的代码
print(power_of_two(input_int))"
687,5,"num_students = int(input())
if num_students < 50 ：
    print(""没到齐"")
else：
    print(""到齐了"")","num_students = int(input())  

if num_students < 50:
    print('没到齐')
else:
    print('到齐了')"
688,5,"input_int = int(input())
# 请不要更改此行以上的代码

def power_of_two(num):
    if num == 0 # 在此补充:
        # 在此补充
        return 1
    else:
        # 在此补充
        return power_of_two(num - 1) * 2

# 请不要更改此行以下的代码
print(power_of_two(input_int))","input_int = int(input())
# 请不要更改此行以上的代码

def power_of_two(num):
    if num == 0:
        return 1
    else:
        return 2 * power_of_two(num - 1)

# 请不要更改此行以下的代码
print(power_of_two(input_int))"
689,5,"user_age = int(input())
if user_age == 18:
    num_candles == 18
else 

print(num_candles)","user_age = int(input())
if user_age == 18:  
    num_candles = 18
else:
    num_candles = 3
print(num_candles)"
690,5,"for i in range(1,8):
    # 在此处补全代码
    if i==4:
        i++
    print(i)","for i in range(1,8):
    if (i == 4):
        continue
    print(i)"
691,5,"input_int = int(input())
# 请不要更改此行以上的代码

def power_of_two(num):
    if num == 0 # 在此补充:
        return 1
        # 在此补充
    else:
        return power_of_two(num-1)**2
        # 在此补充

# 请不要更改此行以下的代码
print(power_of_two(input_int))","input_int = int(input())
# 请不要更改此行以上的代码

def power_of_two(num):
    if num == 0:
        return 1
    else:
        return 2 * power_of_two(num - 1)

# 请不要更改此行以下的代码
print(power_of_two(input_int))"
692,5,"input_int = int(input())
# 请不要更改此行以上的代码

def power_of_two(num):
    if num == 0# 在此补充:
        # 在此补充
        return 1
    else:
        # 在此补充
        return power_of_two(num-1)*2
        

# 请不要更改此行以下的代码
print(power_of_two(input_int))","input_int = int(input())
# 请不要更改此行以上的代码

def power_of_two(num):
    if num == 0:
        return 1
    else:
        return 2 * power_of_two(num - 1)

# 请不要更改此行以下的代码
print(power_of_two(input_int))"
693,5,"num_spiders=int(input())
web_size=1
if num_spiders=10:
    web_size=2*web_size
else:
    web_size=3*web_size
     num_spiders=5+num_spiders
print(num_spiders,web_size)","num_spiders = int(input())
web_size = 1
if num_spiders == 10:   
    web_size = 2 * web_size
else:
    web_size = 3 * web_size
    num_spiders = num_spiders + 5
print(num_spiders,web_size)"
694,5,"user_age=(int(input())
 if (user_age==18):
  num_candles=18
 else:
  num_candles=3
 print(num_candles)","user_age = int(input())
if user_age == 18:  
    num_candles = 18
else:
    num_candles = 3
print(num_candles)"
695,5,"input_int = int(input())
# 请不要更改此行以上的代码

def power_of_two(num):
    if num ==0 # 在此补充:
        return 1# 在此补充
    else:
        return power_of_two(num-1)*2# 在此补充

# 请不要更改此行以下的代码
print(power_of_two(input_int))","input_int = int(input())
# 请不要更改此行以上的代码

def power_of_two(num):
    if num == 0:
        return 1
    else:
        return 2 * power_of_two(num - 1)

# 请不要更改此行以下的代码
print(power_of_two(input_int))"
696,5,"print('你好')
print('我在吃饭'）
print( )","print(""你好"")
print(""我在吃饭"")"
697,5,"for i in range(1,8):
    if i!=4
    print(i)","for i in range(1,8):
    if (i == 4):
        continue
    print(i)"
698,5,"input_int = int(input())
# 请不要更改此行以上的代码

def power_of_two(num):
    if num == 0# 在此补充:
        return 1# 在此补充
    else:
        return power_of_two(num - 1)*2# 在此补充

# 请不要更改此行以下的代码
print(power_of_two(input_int))","input_int = int(input())
# 请不要更改此行以上的代码

def power_of_two(num):
    if num == 0:
        return 1
    else:
        return 2 * power_of_two(num - 1)

# 请不要更改此行以下的代码
print(power_of_two(input_int))"
699,5,"input_int = int(input())
# 请不要更改此行以上的代码

def power_of_two(num):
    if num == 0 # 在此补充:
        # 在此补充
        return 1
    else:
        # 在此补充
        return power_of_two(num-1)*2
        

# 请不要更改此行以下的代码
print(power_of_two(input_int))","input_int = int(input())
# 请不要更改此行以上的代码

def power_of_two(num):
    if num == 0:
        return 1
    else:
        return 2 * power_of_two(num - 1)

# 请不要更改此行以下的代码
print(power_of_two(input_int))"
700,5,"input_int = int(input())
# 请不要更改此行以上的代码

def power_of_two(num):
    if num == 0# 在此补充:
        return 1# 在此补充
    else:
        return power_of_two(num - 1) * 2# 在此补充

# 请不要更改此行以下的代码
print(power_of_two(input_int))","input_int = int(input())
# 请不要更改此行以上的代码

def power_of_two(num):
    if num == 0:
        return 1
    else:
        return 2 * power_of_two(num - 1)

# 请不要更改此行以下的代码
print(power_of_two(input_int))"
701,5,"num_spiders = int(input())

if num_spiders != 15 :
    web_size = 20
else if:
    web_size = num_spiders
else:
    web_size = num_spiders * 2

print(web_size)","num_spiders = int(input())
if num_spiders != 15:    
    web_size = 20
else:   
    web_size = num_spiders

web_size = 2 * web_size 
print(web_size)"
702,5,"param = int(input())

def print_num(param):
    if param = 10:
        print(input_num)

print_num(param)","param = int(input())

def print_num(input_num):
    if (input_num == 10):
        print(input_num)

print_num(param)"
703,5,"input_int = int(input())
# 请不要更改此行以上的代码

def days_left_to_sunday(day):
    if day < 7:
        print(""还有"" + str(7 - day) + ""天到周日"")
        #在这里添加一行代码
        return day += 7
    else:
        print(""到周日了!"")

# 请不要更改此行以下的代码
days_left_to_sunday(input_int)","input_int = int(input())
# 请不要更改此行以上的代码

def days_left_to_sunday(day):
    if day < 7:
        print(""还有"" + str(7 - day) + ""天到周日"")
        days_left_to_sunday(day + 1)
    else:
        print(""到周日了!"")

# 请不要更改此行以下的代码
days_left_to_sunday(input_int)"
704,5,"input_int = int(input())
# 请不要更改此行以上的代码

def power_of_two(num):
    if num == 0 # 在此补充:
        return 1
        # 在此补充
    else:
        # 在此补充
        return power_of_two(num-1)*2
# 请不要更改此行以下的代码
print(power_of_two(input_int))","input_int = int(input())
# 请不要更改此行以上的代码

def power_of_two(num):
    if num == 0:
        return 1
    else:
        return 2 * power_of_two(num - 1)

# 请不要更改此行以下的代码
print(power_of_two(input_int))"
705,5,"input_int = int(input())
# 请不要更改此行以上的代码

def power_of_two(num):
    if num == 0 # 在此补充:
        return 1 # 在此补充
    else:
        return power_of_two(num - 1) * 2 # 在此补充

# 请不要更改此行以下的代码
print(power_of_two(input_int))","input_int = int(input())
# 请不要更改此行以上的代码

def power_of_two(num):
    if num == 0:
        return 1
    else:
        return 2 * power_of_two(num - 1)

# 请不要更改此行以下的代码
print(power_of_two(input_int))"
706,5,"param = int(input())

def print_num(input_num):
    if (input_num == 10):
        print(input_num)
    else:
            

print (print_num(param))","param = int(input())

def print_num(input_num):
    if (input_num == 10):
        print(input_num)

print_num(param)"
707,5,"film_rate=int(input())
if film_rate>7:
    print(""好看"")
else:
    print（""不好看""）","film_rate = int(input())

if film_rate > 7:
    print('好看')
else:
    print('不好看')"
708,5,"for i in range(0, 10):
    print(i)
    if i <= 5","for i in range(0, 10):
    print(i)
    if (i == 5):
        break"
709,5,"input_int = int(input())
# 请不要更改此行以上的代码

def power_of_two(num):
    if num == 0
    # 在此补充:
        # 在此补充
        return 1
    else:
        # 在此补充
        return power_of_two(num - 1) * 2

# 请不要更改此行以下的代码
print(power_of_two(input_int))","input_int = int(input())
# 请不要更改此行以上的代码

def power_of_two(num):
    if num == 0:
        return 1
    else:
        return 2 * power_of_two(num - 1)

# 请不要更改此行以下的代码
print(power_of_two(input_int))"
710,5,"print(""       你好"")
print("" 再见""）","print(""       你好\n再见"")"
711,5,"for i in range(1,8):
    # 在此处补全代码
    if i!=4
    print(i)","for i in range(1,8):
    if (i == 4):
        continue
    print(i)"
712,5,"print('你好')
print('我在吃饭')
print（''）","print(""你好"")
print(""我在吃饭"")"
713,5,"film_rate=int(input())
if film_rate > 7
    print (""好看"")
else：
    print (""不好看"")","film_rate = int(input())

if film_rate > 7:
    print('好看')
else:
    print('不好看')"
714,5,"num_spiders=int(input())
if num_spiders!=15
    web_size=20
else:
    web_size=num_spiders
    
web_size=web_size*2
print(web_size)","num_spiders = int(input())
if num_spiders != 15:    
    web_size = 20
else:   
    web_size = num_spiders

web_size = 2 * web_size 
print(web_size)"
715,5,"input_int = int(input())
# 请不要更改此行以上的代码

def fib_3(num):
   if num == 0 # 在这里补充代码:
      return 1# 在这里补充代码
   elif num == 1# 在这里补充代码:
      return 1# 在这里补充代码
   elif num == 2# 在这里补充代码:
      return 1# 在这里补充代码
   else:
      return fib_3(num-1)+fib_3(num-2)+fib_3(num-3) # 在这里补充代码

# 请不要更改此行以下的代码
print(fib_3(input_int))","input_int = int(input())
# 请不要更改此行以上的代码
 
def fib_3(num):
   if num == 0:
      return 1
   elif num == 1:
      return 1
   elif num == 2:
      return 1
   else:
      return fib_3(num - 2) + fib_3(num - 1) + fib_3(num - 3)

# 请不要更改此行以下的代码
print(fib_3(input_int))"
716,5,"input_int = int(input())
# 请不要更改此行以上的代码

def power_of_two(num):
    if num == 0# 在此补充:
        return 1# 在此补充
    else:
        return power_of_two(num-1)*2# 在此补充

# 请不要更改此行以下的代码
print(power_of_two(input_int))","input_int = int(input())
# 请不要更改此行以上的代码

def power_of_two(num):
    if num == 0:
        return 1
    else:
        return 2 * power_of_two(num - 1)

# 请不要更改此行以下的代码
print(power_of_two(input_int))"
717,5,"age = int(input())
weight = int(input())
heart_rate = int(input())
time = int(int(input()))

# 在此处补全代码
calories_burned=((age*0.2757+weight*0.03295+heart_rate*1.0781)-75.4991))*time/8.368
print(calories_burned)","age = int(input())
weight = int(input())
heart_rate = int(input())
time = int(int(input()))

calories_burned = ((age * 0.2757) + (weight * 0.03295) + (heart_rate * 1.0781) - 75.4991) * time / 8.368

print(calories_burned)"
718,5,"input_int = int(input())
# 请不要更改此行以上的代码

def power_of_two(num):
    if num ==0
        return 1
    else:
        return power_of_two(num-1)*num
        
        

# 请不要更改此行以下的代码
print(power_of_two(input_int))","input_int = int(input())
# 请不要更改此行以上的代码

def power_of_two(num):
    if num == 0:
        return 1
    else:
        return 2 * power_of_two(num - 1)

# 请不要更改此行以下的代码
print(power_of_two(input_int))"
719,5,"# 在这里编写代码
def welcome_to_circle_cat()
 print(""Welcome to circle cat"")
welcome_to_circle_cat() 
# 请不要更改此行以下的代码
welcome_to_circle_cat()","def welcome_to_circle_cat():
    print(""Welcome to circle cat!"")

welcome_to_circle_cat()
welcome_to_circle_cat()
# 请不要更改此行以下的代码
welcome_to_circle_cat()"
720,5,"# 在这里编写代码
def welcome_to_cirlcle_cat():
print(""Welcome to circle cat!"")
print(""Welcome to circle cat!"")
# 请不要更改此行以下的代码
welcome_to_cirlcle_cat()","def welcome_to_cirlcle_cat():
    print(""Welcome to circle cat!"")

welcome_to_cirlcle_cat()
welcome_to_cirlcle_cat()
# 请不要更改此行以下的代码
welcome_to_cirlcle_cat()"
721,5,"for i in range(1,8):
    if i!=4
        print(i)","for i in range(1,8):
    if (i == 4):
        continue
    print(i)"
722,5,"input_dict = input()
input_dict = eval(input_dict)
# 请不要更改此行以上的代码

# 在这里编写代码
user_info={}

def log_user(user_name):
    if user_name in user_info:
		if user_info[user_name]+=1;
	else user_info[user_name]=1
	
def print_user_log(user_name):
	if user_name in user_info:
		print(user_info[user_name])
	else:
		print(0)
# 请不要更改此行以下的代码
for i in input_dict['log']:
    log_user(i)
for i in input_dict['print']:
    print_user_log(i)","input_dict = input()
input_dict = eval(input_dict)
# 请不要更改此行以上的代码

user_info = {}
def log_user(user_name):
    if user_name in user_info:
        user_info[user_name] += 1
    else:
        user_info[user_name] = 1
        
def print_user_log(user_name):
    if user_name in user_info:
        print(user_info[user_name])
    else:
        print(0)

# 请不要更改此行以下的代码
for i in input_dict['log']:
    log_user(i)
for i in input_dict['print']:
    print_user_log(i)"
723,5,"def user_age=int(input()):
    if user_age==18
        num_candles=18
    else:
        num_candles=3
        
print num_candles","user_age = int(input())
if user_age == 18:  
    num_candles = 18
else:
    num_candles = 3
print(num_candles)"
724,5,"param = int(input())

def print_num(input_num):
    if (input_num = 10):
       return(input_num)

print(print_num(param))","param = int(input())

def print_num(input_num):
    if (input_num == 10):
        print(input_num)

print_num(param)"
725,5,"for i in range(1,8):
    if i !=4
    print(i)","for i in range(1,8):
    if (i == 4):
        continue
    print(i)"
726,5,"print(""       你好\n再见"")；
print('\n')","print(""       你好\n再见"")"
727,5,"param = int(input())

def print_num(input_num):
    if (input_num = 10):
        print(input_num)","param = int(input())

def print_num(input_num):
    if (input_num == 10):
        print(input_num)

print_num(param)"
728,5,"input_int = int(input())
# 请不要更改此行以上的代码

def power_of_two(num):
    if num == 0# 在此补充:
        return 1
        # 在此补充
    else:
        # 在此补充
        return power_of_two(num-1)*2

# 请不要更改此行以下的代码
print(power_of_two(input_int))","input_int = int(input())
# 请不要更改此行以上的代码

def power_of_two(num):
    if num == 0:
        return 1
    else:
        return 2 * power_of_two(num - 1)

# 请不要更改此行以下的代码
print(power_of_two(input_int))"
729,5,"input_int = int(input())
# 请不要更改此行以上的代码

def power_of_two(num):
    if num == 0# 在此补充:
        # 在此补充
        return 1
    else:
        # 在此补充
        return power_of_two(num-1) * 2

# 请不要更改此行以下的代码
print(power_of_two(input_int))","input_int = int(input())
# 请不要更改此行以上的代码

def power_of_two(num):
    if num == 0:
        return 1
    else:
        return 2 * power_of_two(num - 1)

# 请不要更改此行以下的代码
print(power_of_two(input_int))"
730,5,"karma = int(input())

# 在这里填写代码
karma=1
1=2
print(karma)","karma = int(input())

karma = karma + 1

print(karma)"
731,5,"input_int = int(input())
# 请不要更改此行以上的代码

def power_of_two(num):
    if num == 0：
        return 1
    else:
        return power_of_two(num-1)*2

# 请不要更改此行以下的代码
print(power_of_two(input_int))","input_int = int(input())
# 请不要更改此行以上的代码

def power_of_two(num):
    if num == 0:
        return 1
    else:
        return 2 * power_of_two(num - 1)

# 请不要更改此行以下的代码
print(power_of_two(input_int))"
732,5,"print('00000')
print('0，0，0')
print(''00000')","print(""00000"")
print(""0 0 0"")
print(""00000"")"
733,5,"param = int(input())

def print_num(input_num):
    if (input_num=10):
        print(input_num)

print(print_num(input_num))","param = int(input())

def print_num(input_num):
    if (input_num == 10):
        print(input_num)

print_num(param)"
734,5,"param = int(input())

def print_num(input_num):
    if input_num == 10:
        print(input_num)
    else：
        return 0

print_num(param)","param = int(input())

def print_num(input_num):
    if (input_num == 10):
        print(input_num)

print_num(param)"
735,5,"print('00000')
print(0 0 0)
print('00000')","print(""00000"")
print(""0 0 0"")
print(""00000"")"
736,5,"test_param = input()
# 请不要更改此行以上的代码
score_dict={'john':'90','jane':'100'.'james':'0'}
status_dict={'john':'active','jane':'active'.'james':'inactive'}

# 请不要更改此行以下的代码
print(score_dict[test_param])
print(status_dict[test_param])","test_param = input()
# 请不要更改此行以上的代码

score_dict = {'john':90, 'jane':100, 'james':0}
status_dict = {'john':'active', 'jane':'active', 'james':'inactive'}

# 请不要更改此行以下的代码
print(score_dict[test_param])
print(status_dict[test_param])"
737,5,"# 在这里编写代码
def welcome_to_circle_cat():
    print(""Welcome to circle cat!"")
     print(""Welcome to circle cat!"")

# 请不要更改此行以下的代码
welcome_to_circle_cat()","def welcome_to_circle_cat():
    print(""Welcome to circle cat!"")

welcome_to_circle_cat()
welcome_to_circle_cat()
# 请不要更改此行以下的代码
welcome_to_circle_cat()"
738,5,"param = int(input())

def print_num(input_num):
    if (input_num = 10):
        print(input_num)
    else:
        return()","param = int(input())

def print_num(input_num):
    if (input_num == 10):
        print(input_num)

print_num(param)"
739,5,"age = int(input())
weight = int(input())
heart_rate = int(input())
time = int(int(input()))

# 在此处补全代码
calories_burned)=((age*0.2757+weight*0.03295+heart_rate*1.0781)-75.4991)*time/8.368
print(calories_burned)","age = int(input())
weight = int(input())
heart_rate = int(input())
time = int(int(input()))

calories_burned = ((age * 0.2757) + (weight * 0.03295) + (heart_rate * 1.0781) - 75.4991) * time / 8.368

print(calories_burned)"
740,5,"cat_age=int(input())
if （cat_age >= 1) and (cat_age <= 10):
    print ('可以上飞机')
else:
    print('不能上飞机')","cat_age = int(input())

if  (1 <= cat_age <= 10):
    print('可以上飞机')
else:
    print('不能上飞机')"
741,5,"def user_age = int(input()):
    if user_age == 18
        num_candles = 18
    else:
        num_candles = 3
        
print num_candles","user_age = int(input())
if user_age == 18:  
    num_candles = 18
else:
    num_candles = 3
print(num_candles)"
742,5,"input_int = int(input())
# 请不要更改此行以上的代码

def fib_3(num):
   if num == 0# 在这里补充代码:
      return 1# 在这里补充代码
   elif num == 1# 在这里补充代码:
      return 1# 在这里补充代码
   elif num == 2# 在这里补充代码:
      return 1# 在这里补充代码
   else:
      return fib_3(num-1)+fib_3(num-2)+fib_3(num-3) # 在这里补充代码

# 请不要更改此行以下的代码
print(fib_3(input_int))","input_int = int(input())
# 请不要更改此行以上的代码
 
def fib_3(num):
   if num == 0:
      return 1
   elif num == 1:
      return 1
   elif num == 2:
      return 1
   else:
      return fib_3(num - 2) + fib_3(num - 1) + fib_3(num - 3)

# 请不要更改此行以下的代码
print(fib_3(input_int))"
743,5,"age = int(input())
weight = int(input())
heart_rate = int(input())
time = int(int(input()))

calories_burned = ((age*0.2757+weight*0.03295+heart_rate*1.0781)-75.4991)*time)/8.368
# 在此处补全代码

print(calories_burned)","age = int(input())
weight = int(input())
heart_rate = int(input())
time = int(int(input()))

calories_burned = ((age * 0.2757) + (weight * 0.03295) + (heart_rate * 1.0781) - 75.4991) * time / 8.368

print(calories_burned)"
744,5,"param = input()
i = input()
    print(i)","param = input()

for i in param:
    print(i)"
745,5,"x = int(input())
y = int(input())
def increment_by_three(x,y):
    while(x < y):
        print x
        x = x + 3

increment_by_three(x, y)","x = int(input())
y = int(input())

def increment_by_three(x, y):
    while(x < y):
        print(x)
        x += 3

increment_by_three(x, y)"
746,5,"input_int = int(input())
# 请不要更改此行以上的代码

def power_of_two(num):
    if num == 0 
        # 在此补充
        return 1
    else:
        # 在此补充
        return power_of_two(num-1)*2
        

# 请不要更改此行以下的代码
print(power_of_two(input_int))","input_int = int(input())
# 请不要更改此行以上的代码

def power_of_two(num):
    if num == 0:
        return 1
    else:
        return 2 * power_of_two(num - 1)

# 请不要更改此行以下的代码
print(power_of_two(input_int))"
747,5,"input_int = int(input())
# 请不要更改此行以上的代码

def power_of_two(num):
    if num == 0 # 在此补充:
        # 在此补充
        return 1
    else:
        # 在此补充
        return power_of_two(num-1)*2

# 请不要更改此行以下的代码
print(power_of_two(input_int))","input_int = int(input())
# 请不要更改此行以上的代码

def power_of_two(num):
    if num == 0:
        return 1
    else:
        return 2 * power_of_two(num - 1)

# 请不要更改此行以下的代码
print(power_of_two(input_int))"
748,5,"print(""I am Python!)","print(""I am Python!"")"
749,5,"input_int = int(input())
# 请不要更改此行以上的代码

# 在这里编写代码
num_to_word{0:""零"",1:""一"",2:""二"",3:""三"",4:""四"",5:""五"",6:""六"",7:""七"",8:""八"",9:""九"",10:""十""}






# 请不要更改此行以下的代码
print(num_to_word[input_int])","input_int = int(input())
# 请不要更改此行以上的代码

num_to_word = {1:""一"", 2:""二"", 3:""三"", 4:""四"", 5:""五"", 6:""六"", 7:""七"", 8:""八"", 9:""九"", 10:""十""}

# 请不要更改此行以下的代码
print(num_to_word[input_int])"
750,5,"print('你好')
print（'我在吃饭'）
print（）","print(""你好"")
print(""我在吃饭"")"
751,5,"film_rate = int(input())
  if int(film_rate) > 7:
    print(""好看"")
  else:
    print(""不好看"")","film_rate = int(input())

if film_rate > 7:
    print('好看')
else:
    print('不好看')"
752,5,"input_int = int(input())
# 请不要更改此行以上的代码

def power_of_two(num):
    if num == 0 # 在此补充:
        return 1 # 在此补充
    else:
        return power_of_two(num-1)*2
        # 在此补充

# 请不要更改此行以下的代码
print(power_of_two(input_int))","input_int = int(input())
# 请不要更改此行以上的代码

def power_of_two(num):
    if num == 0:
        return 1
    else:
        return 2 * power_of_two(num - 1)

# 请不要更改此行以下的代码
print(power_of_two(input_int))"
753,5,"test_param = input()
# 请不要更改此行以上的代码

# 在这里编写代码
score_dict{'john':'90','jane':'100','james':'0'}
status_dict{'john':'active','jane':'active','james':'inactive'}
# 请不要更改此行以下的代码
print(score_dict[test_param])
print(status_dict[test_param])","test_param = input()
# 请不要更改此行以上的代码

score_dict = {'john':90, 'jane':100, 'james':0}
status_dict = {'john':'active', 'jane':'active', 'james':'inactive'}

# 请不要更改此行以下的代码
print(score_dict[test_param])
print(status_dict[test_param])"
754,5,"input_int = int(input())
# 请不要更改此行以上的代码

def fib_3(num):
   if num == 0 # 在这里补充代码:
      return 1 # 在这里补充代码
   elif num == 1# 在这里补充代码:
      return 1 # 在这里补充代码
   elif num ==2 # 在这里补充代码:
       return 1 # 在这里补充代码
   else:
      return fib_3(num-1)+fib_3(num-2)+fib_3(num-3)# 在这里补充代码

# 请不要更改此行以下的代码
print(fib_3(input_int))","input_int = int(input())
# 请不要更改此行以上的代码
 
def fib_3(num):
   if num == 0:
      return 1
   elif num == 1:
      return 1
   elif num == 2:
      return 1
   else:
      return fib_3(num - 2) + fib_3(num - 1) + fib_3(num - 3)

# 请不要更改此行以下的代码
print(fib_3(input_int))"
755,5,"print(""打印：生日快乐！)","print(""生日快乐！"")"
756,5,"cat_age=int(input())
if 1=<cat_age<=10:
    print('可以上飞机')
else 
    print('不能上飞机')","cat_age = int(input())

if  (1 <= cat_age <= 10):
    print('可以上飞机')
else:
    print('不能上飞机')"
757,5,"time = int(input())
if (8 < time < 22):
    print (""醒着"")
else :
    print (""睡着了)","time = int(input())
if 8 < time < 22:
    print('醒着')
else:
    print('睡觉了')"
758,5,"input_int = int(input())
# 请不要更改此行以上的代码

def fibonacci(num):
   if num == 0:
      return 1
   elif num == 1:
      return 1
   else:
      return fibonacci(num) = fibonacci(num - 2) + fibonacci(num - 1)

# 请不要更改此行以下的代码
print(fibonacci(input_int))","input_int = int(input())
# 请不要更改此行以上的代码

def fibonacci(num):
   if num == 0:
      return 1
   elif num == 1:
      return 1
   else:
      return fibonacci(num-2) + fibonacci(num-1)

# 请不要更改此行以下的代码
print(fibonacci(input_int))"
759,5,"user_age=int(input(''))
int num_candles
if user_age == 18:
    num_candles==18
else:
    num_candles==3
print(num_candles)","user_age = int(input())
if user_age == 18:  
    num_candles = 18
else:
    num_candles = 3
print(num_candles)"
760,5,"input_dict = input()
input_dict = eval(input_dict)
# 请不要更改此行以上的代码
user_info = {}
def log_user(user_name):
    if user_name in user_info:
        user_info[user_name]+=1
    else:
        user_info[user_name]=1
    
    
def print_user_log(user_name):
    if user_name in user_info:
        print (user_info[user_name]=1)
    else:
        print '0'
    

# 请不要更改此行以下的代码
for i in input_dict['log']:
    log_user(i)
for i in input_dict['print']:
    print_user_log(i)","input_dict = input()
input_dict = eval(input_dict)
# 请不要更改此行以上的代码

user_info = {}
def log_user(user_name):
    if user_name in user_info:
        user_info[user_name] += 1
    else:
        user_info[user_name] = 1
        
def print_user_log(user_name):
    if user_name in user_info:
        print(user_info[user_name])
    else:
        print(0)

# 请不要更改此行以下的代码
for i in input_dict['log']:
    log_user(i)
for i in input_dict['print']:
    print_user_log(i)"
761,5,"print(""00000"")
print(""0""\ ""0""\ ""0"")
print(""00000"")","print(""00000"")
print(""0 0 0"")
print(""00000"")"
762,5,"param = int(input())

def convert_num(param):
    if param >= 10：
        input_num = input_num - 10
        print(input_num)

convert_num(param)","param = int(input())

def convert_num(input_num):
    if (input_num >= 10):
        input_num = input_num - 10
    print(input_num)

convert_num(param)"
763,5,"def film_rate(int(input()))

if (film_rate > 7):
    print('好看')
else:
    print('不好看')","film_rate = int(input())

if film_rate > 7:
    print('好看')
else:
    print('不好看')"
764,5,"param = int(input())

def count_ones(param):
    count=0
    for i in str(param):
        if i==""1"":
            continue:
                count=count+1
return count

print(count_ones(param))","param = int(input())

def count_ones(param):
    count = 0
    for i in str(param):
        if i == ""1"":
            count += 1
    return count
    
print(count_ones(param))"
765,5,"param = int(input())

def print_num(input_num):
    if (input_num == 10):
        print(input_num)
    else:
            
print (print_num(param))","param = int(input())

def print_num(input_num):
    if (input_num == 10):
        print(input_num)

print_num(param)"
766,5,"def user_age(int(input(''))):
    if user_age == 18:
        num_candles = 18
    else:
        num_candles =3
   
print(num_candles)","user_age = int(input())
if user_age == 18:  
    num_candles = 18
else:
    num_candles = 3
print(num_candles)"
767,5,"input_dict = input()
input_dict = eval(input_dict)
# 请不要更改此行以上的代码

# 在这里编写代码

global user_info{}
def add_user(user_name,pass_word):
    user_info[user_name]=pass_word
def verify_user(user_name,pass_word):
    if user_name in user_info:
        if user_info[user_name]==pass_word
            return True
    else:
        return False
    
# 请不要更改此行以下的代码
for i in input_dict['add']:
    add_user(i[0], i[1])
for i in input_dict['verify']:
    print(verify_user(i[0], i[1]))","input_dict = input()
input_dict = eval(input_dict)
# 请不要更改此行以上的代码

user_info = {}

def add_user(user_name, pass_word):
    user_info[user_name] = pass_word

def verify_user(user_name, pass_word):
    if user_name in user_info:
        if user_info[user_name] == pass_word:
            return True
    return False

# 请不要更改此行以下的代码
for i in input_dict['add']:
    add_user(i[0], i[1])
for i in input_dict['verify']:
    print(verify_user(i[0], i[1]))"
768,5,"for i in range(1,8):
    if i%2 > 0:
    continue
    print(i)","for i in range(1,8):
    if (i == 4):
        continue
    print(i)"
769,5,"test_param = input()
# 请不要更改此行以上的代码

def score_dict = {'john':'90','jane':'100','james':'0'}
def status_dict = {'john':'active','jane':'active','james':'inactive'}

# 请不要更改此行以下的代码
print(score_dict[test_param])
print(status_dict[test_param])","test_param = input()
# 请不要更改此行以上的代码

score_dict = {'john':90, 'jane':100, 'james':0}
status_dict = {'john':'active', 'jane':'active', 'james':'inactive'}

# 请不要更改此行以下的代码
print(score_dict[test_param])
print(status_dict[test_param])"
770,5,"print (""       你好""）
print("" 再见"")","print(""       你好\n再见"")"
771,5,"# 在这里补全代码

print(num_students)=100","num_students = 100

print(num_students)"
772,5,"num_yuan =(int(input())
num_jiao =(int(input())

print(num_yuan+num_jiao)

print(num_coins)","num_yuan = int(input())
num_jiao = int(input())

num_coins = num_yuan + num_jiao

print(num_coins)"
773,5,"cat_age=int(input())
if cat_age>=1 and cat_age<=10:
    print('可以上飞机'):
else:
    print('不能上飞机')","cat_age = int(input())

if  (1 <= cat_age <= 10):
    print('可以上飞机')
else:
    print('不能上飞机')"
774,5,"input_int = int(input())
# 请不要更改此行以上的代码

def fib_3(num):
   if num ==0# 在这里补充代码:
      return 1# 在这里补充代码
   elif num == 1# 在这里补充代码:
      return 1# 在这里补充代码
   elif num == 2# 在这里补充代码:
      return 1# 在这里补充代码
   else:
      return fib_3(num-1)+fib_3(num-2)+fib_3(num-3)# 在这里补充代码

# 请不要更改此行以下的代码
print(fib_3(input_int))","input_int = int(input())
# 请不要更改此行以上的代码
 
def fib_3(num):
   if num == 0:
      return 1
   elif num == 1:
      return 1
   elif num == 2:
      return 1
   else:
      return fib_3(num - 2) + fib_3(num - 1) + fib_3(num - 3)

# 请不要更改此行以下的代码
print(fib_3(input_int))"
775,5,"input_int = int(input())
# 请不要更改此行以上的代码

def power_of_two(num):
    if num == 0      
        # 在此补充
        return 1
    else:
        # 在此补充
        return power_of_two(num-1) * 2

# 请不要更改此行以下的代码
print(power_of_two(input_int))","input_int = int(input())
# 请不要更改此行以上的代码

def power_of_two(num):
    if num == 0:
        return 1
    else:
        return 2 * power_of_two(num - 1)

# 请不要更改此行以下的代码
print(power_of_two(input_int))"
776,5,"input_int = int(input())
# 请不要更改此行以上的代码

def power_of_two(num):
    if num == 0  # 在此补充
        return 1 # 在此补充 
    else:
        return power_of_two(num - 1 ) * num
        # 在此补充

# 请不要更改此行以下的代码
print(power_of_two(input_int))","input_int = int(input())
# 请不要更改此行以上的代码

def power_of_two(num):
    if num == 0:
        return 1
    else:
        return 2 * power_of_two(num - 1)

# 请不要更改此行以下的代码
print(power_of_two(input_int))"
777,5,"my_list = [10, 75, 94]
my_guess = int(input())
if (my_guess in my_list)：
    print(""猜对了"")
else:
    print(""猜错了"")","my_list = [10, 75, 94]
my_guess = int(input())

if  my_guess in my_list:
    print('猜对了')
else:
    print('猜错了')"
778,5,"input_int = int(input())
# 请不要更改此行以上的代码

def fib_3(num):
   if num ==0 # 在这里补充代码:
      return 1# 在这里补充代码
   elif num ==1 # 在这里补充代码:
      return 1# 在这里补充代码
   elif num==2# 在这里补充代码:
      return 1# 在这里补充代码
   else:
      return fib_3(num-1)+fib_3(num-2)+fib_3(num-3) # 在这里补充代码

# 请不要更改此行以下的代码
print(fib_3(input_int))","input_int = int(input())
# 请不要更改此行以上的代码
 
def fib_3(num):
   if num == 0:
      return 1
   elif num == 1:
      return 1
   elif num == 2:
      return 1
   else:
      return fib_3(num - 2) + fib_3(num - 1) + fib_3(num - 3)

# 请不要更改此行以下的代码
print(fib_3(input_int))"
779,5,"# 在这里编写代码
def welcome_to_circle_cat()
print(""Welcome to circal cat!"")
welcome_to_circle_cat()
# 请不要更改此行以下的代码
welcome_to_circle_cat()","def welcome_to_circle_cat():
    print(""Welcome to circle cat!"")

welcome_to_circle_cat()
welcome_to_circle_cat()
# 请不要更改此行以下的代码
welcome_to_circle_cat()"
780,5,"for i in range(1,8):
    continue(4)
    # 在此处补全代码
    print(i)","for i in range(1,8):
    if (i == 4):
        continue
    print(i)"
781,5,"input_int = int(input())
# 请不要更改此行以上的代码

num_to_word = {0:""零"",1:""一"",2:""二"",3:""三"",4:""四"",
5:""五"",6:""六"",7:""七"",8:""八"",9:""九"",10:""十""｝

# 请不要更改此行以下的代码
print(num_to_word[input_int])","input_int = int(input())
# 请不要更改此行以上的代码

num_to_word = {1:""一"", 2:""二"", 3:""三"", 4:""四"", 5:""五"", 6:""六"", 7:""七"", 8:""八"", 9:""九"", 10:""十""}

# 请不要更改此行以下的代码
print(num_to_word[input_int])"
782,5,"input_int = int(input())
# 请不要更改此行以上的代码

def power_of_two(num):
    if num == 0      # 在此补充:
        # 在此补充
        return 1
    else:
        # 在此补充
        return power_of_two(num-1) * 2

# 请不要更改此行以下的代码
print(power_of_two(input_int))","input_int = int(input())
# 请不要更改此行以上的代码

def power_of_two(num):
    if num == 0:
        return 1
    else:
        return 2 * power_of_two(num - 1)

# 请不要更改此行以下的代码
print(power_of_two(input_int))"
783,5,"print（""你好""）
print（""我在吃饭""\ ）","print(""你好"")
print(""我在吃饭"")"
784,5,"num_spiders = int(input())
num_cats = int(input())

if num_spiders>10:
    
    if num_cats>num_spiders:
         print('猫会吃掉蜘蛛')
    
    else:
          print('猫吃不完蜘蛛')

else num_spiders<=10:
      print('蜘蛛很少')","num_spiders = int(input())
num_cats = int(input())
if num_spiders > 10:
    if num_cats > num_spiders:
        print(""猫会吃掉蜘蛛"")
    else:
        print(""猫吃不完蜘蛛"")
else:
    print('蜘蛛很少')"
785,5,"for i in range(0, 10):
    print(i)
    # 在这里补全代码
    while i=5,break","for i in range(0, 10):
    print(i)
    if (i == 5):
        break"
786,5,"print(""       你好"")
print（""再见""）
print（）","print(""       你好\n再见"")"
787,5,"cat_age=int(input())
if 1 =<cat_age <=10:
    print('可以上飞机')
else 
    print('不能上飞机')","cat_age = int(input())

if  (1 <= cat_age <= 10):
    print('可以上飞机')
else:
    print('不能上飞机')"
788,5,"film_rate=int(input())
if(film_rate>7)：
    print(""好看"")
else:
    print(""不好看"")","film_rate = int(input())

if film_rate > 7:
    print('好看')
else:
    print('不好看')"
789,5,"print (""       你好""）
print("" 再见\n"")","print(""       你好\n再见"")"
790,5,"param = int(input())

def print_num(input_num):
    if (input_num = 10):
        return (input_num)

print(print_num(param))","param = int(input())

def print_num(input_num):
    if (input_num == 10):
        print(input_num)

print_num(param)"
791,5,"input_int = int(input())
# 请不要更改此行以上的代码

def power_of_two(num):
    if num == 0# 在此补充:
        return 1# 在此补充
    else:
        return power_of_two(num-1) * 2# 在此补充

# 请不要更改此行以下的代码
print(power_of_two(input_int))","input_int = int(input())
# 请不要更改此行以上的代码

def power_of_two(num):
    if num == 0:
        return 1
    else:
        return 2 * power_of_two(num - 1)

# 请不要更改此行以下的代码
print(power_of_two(input_int))"
792,5,"film_rate = int(input())
if film_rate > 7：
    print(""好看"")
else：
    print(""不好看"")","film_rate = int(input())

if film_rate > 7:
    print('好看')
else:
    print('不好看')"
793,5,"input_dict = input()
input_dict = eval(input_dict)
# 请不要更改此行以上的代码
user_info={}
def add_user(user_name,pass_word):
    user_info[user_name]=pass_word
def verify_user(user_name,pass_word):
    if user_name in user_info and user_info[user_name]=pass_word:
        return True
    else:
        return False
# 在这里编写代码

# 请不要更改此行以下的代码
for i in input_dict['add']:
    add_user(i[0], i[1])
for i in input_dict['verify']:
    print(verify_user(i[0], i[1]))","input_dict = input()
input_dict = eval(input_dict)
# 请不要更改此行以上的代码

user_info = {}

def add_user(user_name, pass_word):
    user_info[user_name] = pass_word

def verify_user(user_name, pass_word):
    if user_name in user_info:
        if user_info[user_name] == pass_word:
            return True
    return False

# 请不要更改此行以下的代码
for i in input_dict['add']:
    add_user(i[0], i[1])
for i in input_dict['verify']:
    print(verify_user(i[0], i[1]))"
